month,candidate_theme,posts,negative_mean_probability,neutral_mean_probability,positive_mean_probability,hard_negative_share,hard_neutral_share,hard_positive_share,mean_max_probability
2021-03-01,Career precarity and exit,9,0.6515332,0.1739941,0.17447275,0.7777777777777778,0.0,0.2222222222222222,0.7857566
2021-03-01,Compensation and pay rights,7,0.2682323,0.4424405,0.2893272,0.2857142857142857,0.42857142857142855,0.2857142857142857,0.60499007
2021-03-01,Health safety and attendance,8,0.68114066,0.2892835,0.029575856,0.75,0.25,0.0,0.7443225
2021-03-01,Recruitment and labor market,3,0.48869562,0.35494307,0.15636128,0.6666666666666666,0.3333333333333333,0.0,0.5829391
2021-03-01,Scheduling hours and time off,6,0.597722,0.36751333,0.03476468,0.6666666666666666,0.3333333333333333,0.0,0.6905296
2021-03-01,Service work and tips,2,0.67509466,0.29523844,0.029666893,1.0,0.0,0.0,0.67509466
2021-03-01,Work arrangements and control,4,0.39260468,0.53802127,0.069374055,0.5,0.5,0.0,0.6299488
2021-04-01,Career precarity and exit,12,0.62660354,0.3000417,0.07335479,0.75,0.25,0.0,0.7161282
2021-04-01,Compensation and pay rights,2,0.7455586,0.23562855,0.018812899,1.0,0.0,0.0,0.7455586
2021-04-01,Health safety and attendance,11,0.5567818,0.34685218,0.09636595,0.6363636363636364,0.2727272727272727,0.09090909090909091,0.7214272
2021-04-01,Recruitment and labor market,8,0.5886799,0.31789726,0.09342283,0.75,0.25,0.0,0.659623
2021-04-01,Scheduling hours and time off,6,0.65361196,0.2996879,0.046700116,0.8333333333333334,0.16666666666666666,0.0,0.77503294
2021-04-01,Service work and tips,2,0.6675027,0.28489023,0.047607083,1.0,0.0,0.0,0.6675027
2021-04-01,Work arrangements and control,3,0.4062111,0.3706989,0.22309005,0.3333333333333333,0.6666666666666666,0.0,0.59283316
2021-04-01,Workplace authority and interpersonal conflict,3,0.26490384,0.31154025,0.42355594,0.3333333333333333,0.3333333333333333,0.3333333333333333,0.62531847
2021-05-01,Career precarity and exit,10,0.5148067,0.3488241,0.13636914,0.7,0.3,0.0,0.63308537
2021-05-01,Compensation and pay rights,5,0.31582308,0.23594725,0.44822964,0.4,0.0,0.6,0.7151314
2021-05-01,Health safety and attendance,9,0.62301743,0.3063318,0.070650764,0.8888888888888888,0.1111111111111111,0.0,0.6304724
2021-05-01,Recruitment and labor market,6,0.6808112,0.28957316,0.02961556,0.8333333333333334,0.16666666666666666,0.0,0.7957592
2021-05-01,Scheduling hours and time off,4,0.36222392,0.5807648,0.057011325,0.25,0.75,0.0,0.6840654
2021-05-01,Service work and tips,1,0.6817741,0.29508653,0.023139466,1.0,0.0,0.0,0.6817741
2021-05-01,Work arrangements and control,3,0.6469541,0.3086898,0.044356044,1.0,0.0,0.0,0.6469541
2021-06-01,Career precarity and exit,18,0.6313884,0.26630658,0.10230502,0.7777777777777778,0.16666666666666666,0.05555555555555555,0.7267482
2021-06-01,Collective worker power and rights,1,0.66982454,0.30741802,0.022757417,1.0,0.0,0.0,0.66982454
2021-06-01,Compensation and pay rights,4,0.5434931,0.4226606,0.03384631,0.75,0.25,0.0,0.70746183
2021-06-01,Health safety and attendance,9,0.61185116,0.33718103,0.050967783,0.6666666666666666,0.3333333333333333,0.0,0.6921653
2021-06-01,Recruitment and labor market,8,0.5769851,0.32536688,0.09764803,0.625,0.25,0.125,0.6925684
2021-06-01,Scheduling hours and time off,4,0.3172741,0.52090526,0.16182065,0.5,0.5,0.0,0.5510646
2021-06-01,Service work and tips,1,0.14628209,0.64011264,0.21360531,0.0,1.0,0.0,0.64011264
2021-06-01,Work arrangements and control,5,0.5156623,0.34044918,0.14388855,0.6,0.2,0.2,0.63043576
2021-06-01,Workplace authority and interpersonal conflict,4,0.72952175,0.2251116,0.045366675,0.75,0.25,0.0,0.749618
2021-07-01,Career precarity and exit,21,0.53770334,0.33532077,0.1269759,0.6190476190476191,0.2857142857142857,0.09523809523809523,0.7074205
2021-07-01,Collective worker power and rights,1,0.37316045,0.555727,0.07111253,0.0,1.0,0.0,0.555727
2021-07-01,Compensation and pay rights,10,0.46906367,0.3953938,0.13554253,0.5,0.4,0.1,0.70203793
2021-07-01,Health safety and attendance,8,0.54635376,0.38896865,0.064677626,0.625,0.375,0.0,0.69453293
2021-07-01,Recruitment and labor market,5,0.35113662,0.56537926,0.08348413,0.4,0.6,0.0,0.68903065
2021-07-01,Scheduling hours and time off,4,0.6778667,0.291259,0.030874316,0.75,0.25,0.0,0.77210283
2021-07-01,Service work and tips,2,0.42494485,0.28146645,0.29358867,0.5,0.0,0.5,0.6824627
2021-07-01,Work arrangements and control,10,0.5030934,0.44284362,0.054062963,0.5,0.5,0.0,0.5989908
2021-07-01,Workplace authority and interpersonal conflict,2,0.76908565,0.21072923,0.02018513,1.0,0.0,0.0,0.76908565
2021-08-01,Career precarity and exit,15,0.6309756,0.24985936,0.11916499,0.8,0.13333333333333333,0.06666666666666667,0.68527377
2021-08-01,Compensation and pay rights,6,0.47193122,0.34251747,0.18555129,0.5,0.3333333333333333,0.16666666666666666,0.7365461
2021-08-01,Health safety and attendance,14,0.57623726,0.35298923,0.07077352,0.6428571428571429,0.2857142857142857,0.07142857142857142,0.73848236
2021-08-01,Recruitment and labor market,6,0.21296091,0.6568988,0.13014032,0.0,1.0,0.0,0.6568988
2021-08-01,Scheduling hours and time off,10,0.46365815,0.3956354,0.1407065,0.5,0.4,0.1,0.735357
2021-08-01,Service work and tips,3,0.78786945,0.19734013,0.014790381,1.0,0.0,0.0,0.78786945
2021-08-01,Work arrangements and control,11,0.56463295,0.2995386,0.13582844,0.6363636363636364,0.18181818181818182,0.18181818181818182,0.76673675
2021-09-01,Career precarity and exit,18,0.5012715,0.32609093,0.17263761,0.6111111111111112,0.2777777777777778,0.1111111111111111,0.6653352
2021-09-01,Collective worker power and rights,1,0.24881119,0.6369888,0.11420004,0.0,1.0,0.0,0.6369888
2021-09-01,Compensation and pay rights,20,0.44361645,0.4445786,0.11180498,0.4,0.55,0.05,0.71166664
2021-09-01,Health safety and attendance,20,0.5996793,0.34971425,0.050606437,0.75,0.25,0.0,0.7104463
2021-09-01,Recruitment and labor market,9,0.56315744,0.37071946,0.06612309,0.7777777777777778,0.2222222222222222,0.0,0.68054223
2021-09-01,Scheduling hours and time off,13,0.5814459,0.35779935,0.0607548,0.6923076923076923,0.3076923076923077,0.0,0.6900003
2021-09-01,Service work and tips,6,0.42661843,0.43852487,0.1348567,0.5,0.5,0.0,0.581295
2021-09-01,Work arrangements and control,12,0.41718793,0.39722404,0.18558806,0.5,0.25,0.25,0.59765714
2021-09-01,Workplace authority and interpersonal conflict,9,0.6678353,0.20173328,0.13043141,0.8888888888888888,0.0,0.1111111111111111,0.7640858
2021-10-01,Career precarity and exit,71,0.5686654,0.32278958,0.108545005,0.647887323943662,0.29577464788732394,0.056338028169014086,0.7138292
2021-10-01,Collective worker power and rights,18,0.44105762,0.34740058,0.21154179,0.4444444444444444,0.3888888888888889,0.16666666666666666,0.7405495
2021-10-01,Compensation and pay rights,71,0.3969003,0.4308441,0.1722556,0.38028169014084506,0.49295774647887325,0.1267605633802817,0.6607956
2021-10-01,Health safety and attendance,84,0.62495315,0.32360405,0.051442787,0.7261904761904762,0.25,0.023809523809523808,0.71011543
2021-10-01,Recruitment and labor market,73,0.4993327,0.39734396,0.10332334,0.5616438356164384,0.3698630136986301,0.0684931506849315,0.67389137
2021-10-01,Scheduling hours and time off,39,0.40356028,0.46138617,0.13505358,0.4358974358974359,0.46153846153846156,0.10256410256410256,0.66607606
2021-10-01,Service work and tips,28,0.4678495,0.3883554,0.14379512,0.5714285714285714,0.32142857142857145,0.10714285714285714,0.6808582
2021-10-01,Work arrangements and control,24,0.53717345,0.33623168,0.12659486,0.6666666666666666,0.25,0.08333333333333333,0.6776748
2021-10-01,Workplace authority and interpersonal conflict,18,0.4690799,0.34859174,0.18232834,0.5555555555555556,0.2777777777777778,0.16666666666666666,0.67642105
2021-11-01,Career precarity and exit,123,0.543646,0.34080577,0.11554828,0.6422764227642277,0.2926829268292683,0.06504065040650407,0.6882493
2021-11-01,Collective worker power and rights,50,0.30313176,0.45604873,0.2408195,0.32,0.48,0.2,0.6841336
2021-11-01,Compensation and pay rights,174,0.4627146,0.40262973,0.13465562,0.5172413793103449,0.3850574712643678,0.09770114942528736,0.65885067
2021-11-01,Health safety and attendance,173,0.6078214,0.3252476,0.06693098,0.7341040462427746,0.23121387283236994,0.03468208092485549,0.704747
2021-11-01,Recruitment and labor market,140,0.44051164,0.41715223,0.14233615,0.4714285714285714,0.42857142857142855,0.1,0.6546917
2021-11-01,Scheduling hours and time off,99,0.4679884,0.4253977,0.10661392,0.46464646464646464,0.46464646464646464,0.0707070707070707,0.68550116
2021-11-01,Service work and tips,80,0.44438416,0.43212032,0.12349556,0.4875,0.425,0.0875,0.6720716
2021-11-01,Work arrangements and control,49,0.42003834,0.47389948,0.10606219,0.4489795918367347,0.5102040816326531,0.04081632653061224,0.6523538
2021-11-01,Workplace authority and interpersonal conflict,52,0.61619925,0.28933018,0.09447051,0.7307692307692307,0.21153846153846154,0.057692307692307696,0.7147726
2021-12-01,Career precarity and exit,172,0.5898179,0.2950707,0.11511138,0.6976744186046512,0.22674418604651161,0.0755813953488372,0.72430736
2021-12-01,Collective worker power and rights,81,0.40374818,0.4400504,0.15620144,0.4444444444444444,0.41975308641975306,0.13580246913580246,0.67627484
2021-12-01,Compensation and pay rights,260,0.44513756,0.40060353,0.1542589,0.5076923076923077,0.36538461538461536,0.12692307692307692,0.67540103
2021-12-01,Health safety and attendance,385,0.6079998,0.33324632,0.05875386,0.7350649350649351,0.23636363636363636,0.02857142857142857,0.69385743
2021-12-01,Recruitment and labor market,109,0.41942403,0.45733136,0.12324459,0.44954128440366975,0.47706422018348627,0.07339449541284404,0.69805676
2021-12-01,Scheduling hours and time off,146,0.49104345,0.4286246,0.08033196,0.5684931506849316,0.3972602739726027,0.03424657534246575,0.6546558
2021-12-01,Service work and tips,116,0.4985431,0.40789598,0.09356089,0.5517241379310345,0.39655172413793105,0.05172413793103448,0.6687234
2021-12-01,Work arrangements and control,71,0.47841793,0.44638088,0.07520118,0.49295774647887325,0.49295774647887325,0.014084507042253521,0.6411608
2021-12-01,Workplace authority and interpersonal conflict,45,0.6067593,0.29684713,0.09639356,0.7111111111111111,0.26666666666666666,0.022222222222222223,0.71410227
2022-01-01,Career precarity and exit,163,0.5471642,0.32750446,0.12533133,0.6441717791411042,0.26993865030674846,0.08588957055214724,0.7013417
2022-01-01,Collective worker power and rights,50,0.4289566,0.41955703,0.15148637,0.42,0.42,0.16,0.6558822
2022-01-01,Compensation and pay rights,281,0.44282022,0.39629647,0.16088334,0.498220640569395,0.3736654804270463,0.12811387900355872,0.67585576
2022-01-01,Health safety and attendance,553,0.6083889,0.3243226,0.06728848,0.7432188065099458,0.21699819168173598,0.039783001808318265,0.7012151
2022-01-01,Recruitment and labor market,112,0.5213968,0.39437768,0.08422551,0.5714285714285714,0.38392857142857145,0.044642857142857144,0.68558705
2022-01-01,Scheduling hours and time off,98,0.4626106,0.4500349,0.087354526,0.5204081632653061,0.4489795918367347,0.030612244897959183,0.6670034
2022-01-01,Service work and tips,87,0.47843698,0.407592,0.11397106,0.5632183908045977,0.3793103448275862,0.05747126436781609,0.6821793
2022-01-01,Work arrangements and control,62,0.41802853,0.45024285,0.13172863,0.4032258064516129,0.5,0.0967741935483871,0.6804837
2022-01-01,Workplace authority and interpersonal conflict,52,0.65400505,0.28088537,0.06510958,0.7884615384615384,0.19230769230769232,0.019230769230769232,0.72201437
2022-02-01,Career precarity and exit,86,0.49042594,0.33101735,0.17855671,0.5,0.32558139534883723,0.1744186046511628,0.70522285
2022-02-01,Collective worker power and rights,29,0.32659328,0.45344394,0.21996278,0.3793103448275862,0.41379310344827586,0.20689655172413793,0.69454116
2022-02-01,Compensation and pay rights,154,0.445008,0.40497887,0.15001312,0.5,0.38311688311688313,0.11688311688311688,0.67027503
2022-02-01,Health safety and attendance,132,0.60904396,0.34066024,0.0502958,0.7272727272727273,0.26515151515151514,0.007575757575757576,0.6968181
2022-02-01,Recruitment and labor market,81,0.49967387,0.4217393,0.07858681,0.6049382716049383,0.37037037037037035,0.024691358024691357,0.67995065
2022-02-01,Scheduling hours and time off,55,0.50285655,0.4280569,0.06908657,0.6,0.38181818181818183,0.01818181818181818,0.664992
2022-02-01,Service work and tips,46,0.5103345,0.40096137,0.08870416,0.6086956521739131,0.32608695652173914,0.06521739130434782,0.7012495
2022-02-01,Work arrangements and control,32,0.41892806,0.5022083,0.078863665,0.40625,0.59375,0.0,0.6258262
2022-02-01,Workplace authority and interpersonal conflict,23,0.66093427,0.26050156,0.07856415,0.8695652173913043,0.08695652173913043,0.043478260869565216,0.72793657
2022-03-01,Career precarity and exit,98,0.55056727,0.34677392,0.102658816,0.6122448979591837,0.32653061224489793,0.061224489795918366,0.68782485
2022-03-01,Collective worker power and rights,31,0.46261886,0.44392398,0.09345716,0.5161290322580645,0.45161290322580644,0.03225806451612903,0.6471037
2022-03-01,Compensation and pay rights,174,0.45085323,0.389116,0.1600308,0.5057471264367817,0.3620689655172414,0.13218390804597702,0.6828915
2022-03-01,Health safety and attendance,113,0.5871126,0.33422148,0.078665905,0.6814159292035398,0.2743362831858407,0.04424778761061947,0.69605285
2022-03-01,Recruitment and labor market,125,0.46862945,0.4239605,0.10741004,0.552,0.384,0.064,0.67544353
2022-03-01,Scheduling hours and time off,85,0.49567688,0.41436735,0.08995579,0.5294117647058824,0.4235294117647059,0.047058823529411764,0.68027526
2022-03-01,Service work and tips,53,0.48546305,0.4102227,0.10431421,0.5094339622641509,0.4339622641509434,0.05660377358490566,0.6731003
2022-03-01,Work arrangements and control,77,0.45408997,0.42719263,0.1187174,0.5454545454545454,0.37662337662337664,0.07792207792207792,0.66777956
2022-03-01,Workplace authority and interpersonal conflict,40,0.643297,0.2898565,0.06684648,0.75,0.225,0.025,0.7417269
2022-04-01,Career precarity and exit,121,0.57706785,0.33830035,0.08463182,0.6776859504132231,0.2975206611570248,0.024793388429752067,0.71300554
2022-04-01,Collective worker power and rights,37,0.45019624,0.4451132,0.10469056,0.5405405405405406,0.3783783783783784,0.08108108108108109,0.6903502
2022-04-01,Compensation and pay rights,188,0.4759312,0.39533204,0.12873673,0.5372340425531915,0.35106382978723405,0.11170212765957446,0.66553795
2022-04-01,Health safety and attendance,114,0.5960589,0.34655228,0.057388775,0.7368421052631579,0.22807017543859648,0.03508771929824561,0.69549733
2022-04-01,Recruitment and labor market,87,0.46546292,0.4216675,0.11286959,0.5172413793103449,0.40229885057471265,0.08045977011494253,0.6988931
2022-04-01,Scheduling hours and time off,91,0.4605451,0.45186082,0.08759409,0.5164835164835165,0.43956043956043955,0.04395604395604396,0.6486117
2022-04-01,Service work and tips,77,0.5130893,0.40030468,0.08660604,0.5194805194805194,0.45454545454545453,0.025974025974025976,0.68511134
2022-04-01,Work arrangements and control,68,0.43723467,0.46480313,0.0979622,0.4852941176470588,0.47058823529411764,0.04411764705882353,0.67439073
2022-04-01,Workplace authority and interpersonal conflict,43,0.57385314,0.31779274,0.10835412,0.6511627906976745,0.2558139534883721,0.09302325581395349,0.70862514
2022-05-01,Career precarity and exit,80,0.6335829,0.30934355,0.057073545,0.7625,0.225,0.0125,0.7189001
2022-05-01,Collective worker power and rights,20,0.39979863,0.5309894,0.06921197,0.3,0.7,0.0,0.66063064
2022-05-01,Compensation and pay rights,108,0.4596397,0.430761,0.109599315,0.46296296296296297,0.48148148148148145,0.05555555555555555,0.6592201
2022-05-01,Health safety and attendance,86,0.66315746,0.29386863,0.04297392,0.8255813953488372,0.1511627906976744,0.023255813953488372,0.71918446
2022-05-01,Recruitment and labor market,70,0.3928852,0.47092628,0.13618852,0.42857142857142855,0.5,0.07142857142857142,0.6583424
2022-05-01,Scheduling hours and time off,75,0.46012613,0.4296429,0.11023095,0.5333333333333333,0.4,0.06666666666666667,0.6796423
2022-05-01,Service work and tips,27,0.43127197,0.47462046,0.09410753,0.48148148148148145,0.48148148148148145,0.037037037037037035,0.7187139
2022-05-01,Work arrangements and control,39,0.4395881,0.4283239,0.13208796,0.46153846153846156,0.4358974358974359,0.10256410256410256,0.6753419
2022-05-01,Workplace authority and interpersonal conflict,36,0.6521132,0.2808994,0.06698735,0.7222222222222222,0.2222222222222222,0.05555555555555555,0.7706171
2022-06-01,Career precarity and exit,75,0.5771911,0.3240705,0.09873836,0.6933333333333334,0.24,0.06666666666666667,0.70537764
2022-06-01,Collective worker power and rights,21,0.2577302,0.4760501,0.2662197,0.23809523809523808,0.5714285714285714,0.19047619047619047,0.7297794
2022-06-01,Compensation and pay rights,140,0.4693128,0.39471456,0.13597263,0.5142857142857142,0.37857142857142856,0.10714285714285714,0.6767679
2022-06-01,Health safety and attendance,92,0.61286813,0.3295165,0.0576154,0.7065217391304348,0.2826086956521739,0.010869565217391304,0.70450217
2022-06-01,Recruitment and labor market,63,0.41182056,0.43881935,0.14936012,0.4603174603174603,0.42857142857142855,0.1111111111111111,0.6776001
2022-06-01,Scheduling hours and time off,72,0.53260285,0.41311866,0.05427847,0.5972222222222222,0.3888888888888889,0.013888888888888888,0.69157773
2022-06-01,Service work and tips,34,0.4782298,0.36845732,0.1533129,0.5,0.35294117647058826,0.14705882352941177,0.6759745
2022-06-01,Work arrangements and control,44,0.36761686,0.48527804,0.14710508,0.36363636363636365,0.5,0.13636363636363635,0.67989075
2022-06-01,Workplace authority and interpersonal conflict,31,0.60822344,0.30350214,0.088274434,0.7096774193548387,0.22580645161290322,0.06451612903225806,0.7416073
2022-07-01,Career precarity and exit,107,0.5976394,0.31900185,0.08335875,0.6728971962616822,0.27102803738317754,0.056074766355140186,0.7029912
2022-07-01,Collective worker power and rights,20,0.42435163,0.45562664,0.120021746,0.45,0.5,0.05,0.6891974
2022-07-01,Compensation and pay rights,141,0.47256312,0.38968256,0.1377543,0.5177304964539007,0.3900709219858156,0.09219858156028368,0.6482552
2022-07-01,Health safety and attendance,111,0.54163194,0.3826878,0.075680226,0.6036036036036037,0.36036036036036034,0.036036036036036036,0.6782228
2022-07-01,Recruitment and labor market,78,0.50311625,0.4037486,0.09313513,0.5512820512820513,0.4230769230769231,0.02564102564102564,0.68130594
2022-07-01,Scheduling hours and time off,78,0.46301454,0.44543374,0.09155173,0.5,0.47435897435897434,0.02564102564102564,0.6487488
2022-07-01,Service work and tips,66,0.53696597,0.38173258,0.0813014,0.6666666666666666,0.2727272727272727,0.06060606060606061,0.69639677
2022-07-01,Work arrangements and control,46,0.45480484,0.44726816,0.09792698,0.5217391304347826,0.41304347826086957,0.06521739130434782,0.6672627
2022-07-01,Workplace authority and interpersonal conflict,38,0.5827245,0.29963803,0.11763743,0.7105263157894737,0.21052631578947367,0.07894736842105263,0.7080045
2022-08-01,Career precarity and exit,103,0.5837345,0.3243105,0.091954924,0.6796116504854369,0.2621359223300971,0.05825242718446602,0.713808
2022-08-01,Collective worker power and rights,22,0.37855002,0.40992004,0.21152997,0.4090909090909091,0.36363636363636365,0.22727272727272727,0.6980133
2022-08-01,Compensation and pay rights,134,0.47701514,0.3828319,0.14015298,0.5447761194029851,0.3582089552238806,0.09701492537313433,0.707464
2022-08-01,Health safety and attendance,109,0.6144645,0.32026675,0.065268725,0.7247706422018348,0.23853211009174313,0.03669724770642202,0.713482
2022-08-01,Recruitment and labor market,83,0.5084828,0.34289244,0.14862472,0.5783132530120482,0.27710843373493976,0.14457831325301204,0.70407516
2022-08-01,Scheduling hours and time off,103,0.44398892,0.46894637,0.08706473,0.5048543689320388,0.4563106796116505,0.038834951456310676,0.68794334
2022-08-01,Service work and tips,61,0.51024497,0.41543648,0.07431853,0.5901639344262295,0.39344262295081966,0.01639344262295082,0.66845113
2022-08-01,Work arrangements and control,41,0.4445208,0.46041828,0.0950609,0.5365853658536586,0.43902439024390244,0.024390243902439025,0.620102
2022-08-01,Workplace authority and interpersonal conflict,37,0.6083375,0.32862538,0.063037075,0.7297297297297297,0.2702702702702703,0.0,0.6616804
2022-09-01,Career precarity and exit,78,0.58634716,0.29284182,0.12081101,0.6538461538461539,0.24358974358974358,0.10256410256410256,0.73664623
2022-09-01,Collective worker power and rights,15,0.53110355,0.39797994,0.070916526,0.6,0.4,0.0,0.70708376
2022-09-01,Compensation and pay rights,95,0.5067001,0.38946813,0.10383175,0.6105263157894737,0.3368421052631579,0.05263157894736842,0.68768454
2022-09-01,Health safety and attendance,79,0.6342411,0.31047875,0.05528014,0.7468354430379747,0.22784810126582278,0.02531645569620253,0.71249974
2022-09-01,Recruitment and labor market,64,0.49017167,0.415753,0.094075345,0.609375,0.34375,0.046875,0.6857519
2022-09-01,Scheduling hours and time off,72,0.47265244,0.45470873,0.07263884,0.5,0.4583333333333333,0.041666666666666664,0.67984
2022-09-01,Service work and tips,33,0.40345618,0.46502104,0.13152279,0.3333333333333333,0.5757575757575758,0.09090909090909091,0.6729042
2022-09-01,Work arrangements and control,49,0.49564335,0.43147975,0.07287689,0.46938775510204084,0.4897959183673469,0.04081632653061224,0.6358225
2022-09-01,Workplace authority and interpersonal conflict,25,0.6740429,0.26256636,0.06339075,0.8,0.2,0.0,0.7467405
2022-10-01,Career precarity and exit,50,0.57393706,0.31368834,0.11237465,0.72,0.18,0.1,0.7026184
2022-10-01,Collective worker power and rights,10,0.42892298,0.46242777,0.108649276,0.5,0.5,0.0,0.6691344
2022-10-01,Compensation and pay rights,75,0.4815774,0.37661788,0.14180474,0.5866666666666667,0.32,0.09333333333333334,0.69689935
2022-10-01,Health safety and attendance,66,0.6510627,0.3062005,0.042736802,0.7878787878787878,0.19696969696969696,0.015151515151515152,0.7272036
2022-10-01,Recruitment and labor market,52,0.5145673,0.3916759,0.09375681,0.5576923076923077,0.38461538461538464,0.057692307692307696,0.71429646
2022-10-01,Scheduling hours and time off,58,0.48196942,0.423492,0.0945386,0.5517241379310345,0.39655172413793105,0.05172413793103448,0.6770307
2022-10-01,Service work and tips,28,0.5449891,0.35348275,0.101528145,0.6428571428571429,0.32142857142857145,0.03571428571428571,0.71762747
2022-10-01,Work arrangements and control,34,0.40300703,0.4756534,0.12133956,0.4411764705882353,0.47058823529411764,0.08823529411764706,0.67796516
2022-10-01,Workplace authority and interpersonal conflict,28,0.5999436,0.2977945,0.10226196,0.6785714285714286,0.25,0.07142857142857142,0.7354355
2022-11-01,Career precarity and exit,57,0.5615398,0.32523897,0.11322119,0.5964912280701754,0.3157894736842105,0.08771929824561403,0.70904356
2022-11-01,Collective worker power and rights,21,0.45088732,0.41388017,0.1352325,0.47619047619047616,0.42857142857142855,0.09523809523809523,0.74848634
2022-11-01,Compensation and pay rights,85,0.49781534,0.37997952,0.12220511,0.5411764705882353,0.3764705882352941,0.08235294117647059,0.685069
2022-11-01,Health safety and attendance,50,0.6099305,0.32527545,0.06479403,0.72,0.24,0.04,0.73364717
2022-11-01,Recruitment and labor market,36,0.49199015,0.40286687,0.10514298,0.5555555555555556,0.3888888888888889,0.05555555555555555,0.67653424
2022-11-01,Scheduling hours and time off,52,0.4123657,0.50272506,0.0849092,0.46153846153846156,0.4807692307692308,0.057692307692307696,0.6907422
2022-11-01,Service work and tips,23,0.5923263,0.32827112,0.07940259,0.7391304347826086,0.2608695652173913,0.0,0.6809156
2022-11-01,Work arrangements and control,25,0.49093685,0.429151,0.07991214,0.56,0.4,0.04,0.6737524
2022-11-01,Workplace authority and interpersonal conflict,19,0.50051534,0.37012526,0.1293594,0.631578947368421,0.2631578947368421,0.10526315789473684,0.70219564
2022-12-01,Career precarity and exit,68,0.6454213,0.27533802,0.07924067,0.75,0.20588235294117646,0.04411764705882353,0.7615399
2022-12-01,Collective worker power and rights,10,0.49760097,0.40888152,0.093517505,0.5,0.4,0.1,0.62525797
2022-12-01,Compensation and pay rights,80,0.5423897,0.38045868,0.07715161,0.6125,0.35,0.0375,0.6989977
2022-12-01,Health safety and attendance,87,0.632615,0.30693707,0.06044798,0.8045977011494253,0.14942528735632185,0.04597701149425287,0.6987722
2022-12-01,Recruitment and labor market,35,0.4256161,0.4634283,0.11095564,0.4857142857142857,0.45714285714285713,0.05714285714285714,0.69836605
2022-12-01,Scheduling hours and time off,69,0.44005302,0.48396146,0.07598549,0.4927536231884058,0.4782608695652174,0.028985507246376812,0.6846647
2022-12-01,Service work and tips,22,0.5353811,0.41803524,0.046583638,0.5454545454545454,0.45454545454545453,0.0,0.656872
2022-12-01,Work arrangements and control,24,0.49814734,0.40966657,0.09218609,0.5833333333333334,0.375,0.041666666666666664,0.67820686
2022-12-01,Workplace authority and interpersonal conflict,34,0.59615827,0.3316725,0.07216925,0.7352941176470589,0.23529411764705882,0.029411764705882353,0.70616853
2023-01-01,Career precarity and exit,67,0.582903,0.3055283,0.11156866,0.7164179104477612,0.22388059701492538,0.05970149253731343,0.71218264
2023-01-01,Collective worker power and rights,10,0.33288175,0.5219328,0.1451855,0.3,0.6,0.1,0.66776
2023-01-01,Compensation and pay rights,81,0.49296206,0.3775771,0.12946081,0.5802469135802469,0.32098765432098764,0.09876543209876543,0.6971777
2023-01-01,Health safety and attendance,55,0.62150055,0.33942723,0.03907224,0.7090909090909091,0.2909090909090909,0.0,0.69034153
2023-01-01,Recruitment and labor market,44,0.3845631,0.48519105,0.13024588,0.45454545454545453,0.4772727272727273,0.06818181818181818,0.6864381
2023-01-01,Scheduling hours and time off,60,0.47621822,0.4578514,0.06593036,0.55,0.4,0.05,0.6842348
2023-01-01,Service work and tips,33,0.4708688,0.4158328,0.113298416,0.48484848484848486,0.45454545454545453,0.06060606060606061,0.69271404
2023-01-01,Work arrangements and control,29,0.36486983,0.51861835,0.116511814,0.41379310344827586,0.4827586206896552,0.10344827586206896,0.70249623
2023-01-01,Workplace authority and interpersonal conflict,32,0.6676611,0.26218846,0.0701505,0.84375,0.125,0.03125,0.7058989
2023-02-01,Career precarity and exit,52,0.53132236,0.3702036,0.09847408,0.6153846153846154,0.34615384615384615,0.038461538461538464,0.69837666
2023-02-01,Collective worker power and rights,9,0.41521624,0.34756353,0.23722026,0.5555555555555556,0.2222222222222222,0.2222222222222222,0.78606087
2023-02-01,Compensation and pay rights,78,0.50927424,0.40672785,0.08399791,0.5384615384615384,0.41025641025641024,0.05128205128205128,0.68352836
2023-02-01,Health safety and attendance,61,0.6109149,0.3203722,0.06871293,0.8032786885245902,0.16393442622950818,0.03278688524590164,0.7043825
2023-02-01,Recruitment and labor market,43,0.5441844,0.38970202,0.06611355,0.6744186046511628,0.3023255813953488,0.023255813953488372,0.6839794
2023-02-01,Scheduling hours and time off,63,0.4278983,0.47852337,0.093578316,0.4603174603174603,0.49206349206349204,0.047619047619047616,0.6800447
2023-02-01,Service work and tips,19,0.5466302,0.4150492,0.038320575,0.5789473684210527,0.42105263157894735,0.0,0.7001922
2023-02-01,Work arrangements and control,37,0.4844886,0.462471,0.05304042,0.5675675675675675,0.43243243243243246,0.0,0.65649813
2023-02-01,Workplace authority and interpersonal conflict,41,0.554506,0.37830558,0.067188464,0.6585365853658537,0.3170731707317073,0.024390243902439025,0.68073374
2023-03-01,Career precarity and exit,59,0.5700188,0.30612233,0.12385884,0.6440677966101694,0.2542372881355932,0.1016949152542373,0.72585434
2023-03-01,Collective worker power and rights,8,0.48956472,0.35024485,0.16019042,0.625,0.25,0.125,0.6792247
2023-03-01,Compensation and pay rights,92,0.48731875,0.39858577,0.11409546,0.5652173913043478,0.3695652173913043,0.06521739130434782,0.66384214
2023-03-01,Health safety and attendance,74,0.6136045,0.30669314,0.079702385,0.7432432432432432,0.21621621621621623,0.04054054054054054,0.70529723
2023-03-01,Recruitment and labor market,45,0.46892387,0.37983432,0.15124184,0.5555555555555556,0.35555555555555557,0.08888888888888889,0.70214826
2023-03-01,Scheduling hours and time off,53,0.5466088,0.40238628,0.05100487,0.660377358490566,0.33962264150943394,0.0,0.6762143
2023-03-01,Service work and tips,25,0.50201494,0.38290894,0.115076125,0.6,0.36,0.04,0.74228495
2023-03-01,Work arrangements and control,25,0.46263745,0.45645985,0.08090269,0.52,0.48,0.0,0.69776106
2023-03-01,Workplace authority and interpersonal conflict,33,0.6271607,0.30479032,0.06804898,0.696969696969697,0.24242424242424243,0.06060606060606061,0.72260284
2023-04-01,Career precarity and exit,46,0.5924314,0.28769666,0.11987188,0.6739130434782609,0.2391304347826087,0.08695652173913043,0.72487867
2023-04-01,Collective worker power and rights,10,0.4040564,0.5137528,0.08219074,0.5,0.5,0.0,0.6626754
2023-04-01,Compensation and pay rights,73,0.51629394,0.40418166,0.079524435,0.5616438356164384,0.410958904109589,0.0273972602739726,0.66588426
2023-04-01,Health safety and attendance,41,0.5864284,0.3072118,0.10635979,0.7073170731707317,0.1951219512195122,0.0975609756097561,0.6993919
2023-04-01,Recruitment and labor market,32,0.47203532,0.37778842,0.15017624,0.46875,0.40625,0.125,0.70514405
2023-04-01,Scheduling hours and time off,49,0.49929532,0.43544286,0.0652618,0.5918367346938775,0.3877551020408163,0.02040816326530612,0.6965927
2023-04-01,Service work and tips,22,0.48472777,0.41504478,0.10022747,0.5909090909090909,0.3181818181818182,0.09090909090909091,0.70560163
2023-04-01,Work arrangements and control,23,0.31313458,0.50991094,0.1769545,0.2608695652173913,0.6521739130434783,0.08695652173913043,0.64837885
2023-04-01,Workplace authority and interpersonal conflict,22,0.5528715,0.30029,0.14683849,0.7272727272727273,0.13636363636363635,0.13636363636363635,0.7218929
2023-05-01,Career precarity and exit,67,0.5916954,0.34277478,0.06552984,0.6119402985074627,0.3582089552238806,0.029850746268656716,0.7261575
2023-05-01,Collective worker power and rights,10,0.4504426,0.40138808,0.14816934,0.4,0.5,0.1,0.69126594
2023-05-01,Compensation and pay rights,75,0.5205955,0.36131307,0.11809142,0.6,0.32,0.08,0.6937018
2023-05-01,Health safety and attendance,41,0.56595033,0.35408932,0.07996033,0.6829268292682927,0.2682926829268293,0.04878048780487805,0.6994896
2023-05-01,Recruitment and labor market,32,0.430565,0.4204461,0.1489889,0.46875,0.4375,0.09375,0.6473348
2023-05-01,Scheduling hours and time off,59,0.49685004,0.45267403,0.050475933,0.559322033898305,0.423728813559322,0.01694915254237288,0.6652341
2023-05-01,Service work and tips,30,0.46766582,0.4316635,0.10067068,0.6,0.36666666666666664,0.03333333333333333,0.7103672
2023-05-01,Work arrangements and control,33,0.31574506,0.5334683,0.15078662,0.21212121212121213,0.6666666666666666,0.12121212121212122,0.69459355
2023-05-01,Workplace authority and interpersonal conflict,30,0.6727417,0.2803989,0.04685937,0.8333333333333334,0.16666666666666666,0.0,0.73077875
2023-06-01,Career precarity and exit,33,0.608851,0.3224541,0.06869492,0.7575757575757576,0.21212121212121213,0.030303030303030304,0.72505116
2023-06-01,Collective worker power and rights,5,0.71164185,0.2677998,0.020558378,1.0,0.0,0.0,0.71164185
2023-06-01,Compensation and pay rights,52,0.47644213,0.41482177,0.10873611,0.5384615384615384,0.38461538461538464,0.07692307692307693,0.7016916
2023-06-01,Health safety and attendance,16,0.46491742,0.47103897,0.06404363,0.5,0.5,0.0,0.68182564
2023-06-01,Recruitment and labor market,43,0.5260356,0.36594307,0.108021304,0.627906976744186,0.3023255813953488,0.06976744186046512,0.70713425
2023-06-01,Scheduling hours and time off,44,0.50430197,0.43969554,0.056002483,0.5227272727272727,0.4772727272727273,0.0,0.67911094
2023-06-01,Service work and tips,16,0.51259255,0.41055542,0.076852046,0.5625,0.375,0.0625,0.69561905
2023-06-01,Work arrangements and control,18,0.4348735,0.46446365,0.10066281,0.3888888888888889,0.5,0.1111111111111111,0.63782203
2023-06-01,Workplace authority and interpersonal conflict,20,0.5921031,0.31570256,0.09219435,0.75,0.15,0.1,0.74564517
2023-07-01,Career precarity and exit,84,0.53491354,0.34068584,0.12440058,0.6428571428571429,0.25,0.10714285714285714,0.67125916
2023-07-01,Collective worker power and rights,20,0.4329043,0.43168196,0.13541372,0.5,0.45,0.05,0.69086754
2023-07-01,Compensation and pay rights,93,0.4837024,0.38580373,0.13049391,0.5483870967741935,0.3225806451612903,0.12903225806451613,0.68530756
2023-07-01,Health safety and attendance,59,0.6309863,0.32524136,0.0437724,0.7966101694915254,0.1864406779661017,0.01694915254237288,0.71662796
2023-07-01,Recruitment and labor market,76,0.48111022,0.41734272,0.10154706,0.5394736842105263,0.39473684210526316,0.06578947368421052,0.69261754
2023-07-01,Scheduling hours and time off,83,0.51075613,0.41189712,0.077346735,0.6024096385542169,0.3614457831325301,0.03614457831325301,0.6882483
2023-07-01,Service work and tips,33,0.4453901,0.45082232,0.103787586,0.5151515151515151,0.45454545454545453,0.030303030303030304,0.6517629
2023-07-01,Work arrangements and control,34,0.4393876,0.47563672,0.084975705,0.47058823529411764,0.5,0.029411764705882353,0.64350516
2023-07-01,Workplace authority and interpersonal conflict,38,0.6605523,0.28124338,0.058204304,0.7894736842105263,0.21052631578947367,0.0,0.724104
2023-08-01,Career precarity and exit,99,0.5679101,0.3449991,0.08709084,0.6565656565656566,0.30303030303030304,0.04040404040404041,0.70277977
2023-08-01,Collective worker power and rights,20,0.5923604,0.34677657,0.06086301,0.65,0.35,0.0,0.68217915
2023-08-01,Compensation and pay rights,123,0.5234102,0.39000753,0.0865823,0.6422764227642277,0.3008130081300813,0.056910569105691054,0.67787606
2023-08-01,Health safety and attendance,75,0.6009922,0.3300079,0.06899985,0.6933333333333334,0.26666666666666666,0.04,0.70733
2023-08-01,Recruitment and labor market,89,0.42229646,0.45390192,0.123801604,0.47191011235955055,0.449438202247191,0.07865168539325842,0.6793621
2023-08-01,Scheduling hours and time off,114,0.44672918,0.46166223,0.09160859,0.4473684210526316,0.5,0.05263157894736842,0.6556667
2023-08-01,Service work and tips,37,0.49611083,0.4227772,0.08111202,0.5675675675675675,0.40540540540540543,0.02702702702702703,0.7005054
2023-08-01,Work arrangements and control,46,0.41014668,0.49648133,0.09337201,0.41304347826086957,0.5434782608695652,0.043478260869565216,0.6548334
2023-08-01,Workplace authority and interpersonal conflict,57,0.6307391,0.28784177,0.08141911,0.7894736842105263,0.14035087719298245,0.07017543859649122,0.734773
2023-09-01,Career precarity and exit,59,0.5810496,0.33315203,0.08579835,0.6949152542372882,0.2711864406779661,0.03389830508474576,0.69847476
2023-09-01,Collective worker power and rights,10,0.6328726,0.31910855,0.04801885,0.8,0.2,0.0,0.645748
2023-09-01,Compensation and pay rights,82,0.51756996,0.4060347,0.076395355,0.5853658536585366,0.3902439024390244,0.024390243902439025,0.6714629
2023-09-01,Health safety and attendance,53,0.6629211,0.2976634,0.03941553,0.8867924528301887,0.11320754716981132,0.0,0.7007534
2023-09-01,Recruitment and labor market,55,0.5685278,0.3626029,0.06886931,0.6545454545454545,0.32727272727272727,0.01818181818181818,0.7078705
2023-09-01,Scheduling hours and time off,70,0.49133307,0.42742303,0.08124387,0.5571428571428572,0.4142857142857143,0.02857142857142857,0.69333744
2023-09-01,Service work and tips,23,0.45722932,0.42015693,0.12261371,0.5217391304347826,0.34782608695652173,0.13043478260869565,0.6608251
2023-09-01,Work arrangements and control,24,0.4212956,0.51767105,0.06103335,0.4166666666666667,0.5833333333333334,0.0,0.6360385
2023-09-01,Workplace authority and interpersonal conflict,32,0.57472146,0.32993534,0.09534318,0.75,0.1875,0.0625,0.678997
2023-10-01,Career precarity and exit,44,0.49594012,0.33769462,0.16636528,0.6590909090909091,0.22727272727272727,0.11363636363636363,0.6926723
2023-10-01,Collective worker power and rights,5,0.55546886,0.36635736,0.0781738,0.6,0.4,0.0,0.67692167
2023-10-01,Compensation and pay rights,47,0.5875079,0.3432309,0.06926118,0.6808510638297872,0.2978723404255319,0.02127659574468085,0.7012333
2023-10-01,Health safety and attendance,35,0.62063193,0.2877718,0.09159624,0.7714285714285715,0.14285714285714285,0.08571428571428572,0.68970793
2023-10-01,Recruitment and labor market,55,0.4747097,0.4072484,0.118041895,0.5818181818181818,0.34545454545454546,0.07272727272727272,0.66637623
2023-10-01,Scheduling hours and time off,53,0.49700844,0.44528997,0.05770159,0.6226415094339622,0.3584905660377358,0.018867924528301886,0.6689405
2023-10-01,Service work and tips,15,0.6038049,0.34446067,0.051734395,0.6666666666666666,0.3333333333333333,0.0,0.6781047
2023-10-01,Work arrangements and control,28,0.39544317,0.47485924,0.12969758,0.5,0.42857142857142855,0.07142857142857142,0.6416641
2023-10-01,Workplace authority and interpersonal conflict,31,0.59945786,0.3152965,0.08524567,0.7096774193548387,0.25806451612903225,0.03225806451612903,0.7060269
2023-11-01,Career precarity and exit,32,0.6089612,0.28267953,0.10835925,0.71875,0.21875,0.0625,0.7205848
2023-11-01,Collective worker power and rights,6,0.45896804,0.38059303,0.16043891,0.5,0.3333333333333333,0.16666666666666666,0.8075196
2023-11-01,Compensation and pay rights,47,0.5802051,0.34500608,0.074788846,0.6382978723404256,0.3191489361702128,0.0425531914893617,0.70599157
2023-11-01,Health safety and attendance,40,0.630417,0.3169442,0.052638758,0.75,0.25,0.0,0.6864732
2023-11-01,Recruitment and labor market,27,0.45419744,0.42685953,0.118943006,0.48148148148148145,0.48148148148148145,0.037037037037037035,0.718935
2023-11-01,Scheduling hours and time off,61,0.44269553,0.4581212,0.09918327,0.4426229508196721,0.5081967213114754,0.04918032786885246,0.68127966
2023-11-01,Service work and tips,24,0.4813324,0.4628823,0.055785302,0.625,0.375,0.0,0.68605953
2023-11-01,Work arrangements and control,26,0.46753693,0.4572996,0.075163454,0.5769230769230769,0.4230769230769231,0.0,0.6698403
2023-11-01,Workplace authority and interpersonal conflict,23,0.55521005,0.26389116,0.18089877,0.6956521739130435,0.08695652173913043,0.21739130434782608,0.71241444
2023-12-01,Career precarity and exit,36,0.5503402,0.36743566,0.08222416,0.6111111111111112,0.3333333333333333,0.05555555555555555,0.6751131
2023-12-01,Collective worker power and rights,6,0.5182012,0.4132528,0.068546064,0.6666666666666666,0.3333333333333333,0.0,0.6682756
2023-12-01,Compensation and pay rights,61,0.5481852,0.36822456,0.083590195,0.6557377049180327,0.2786885245901639,0.06557377049180328,0.69636476
2023-12-01,Health safety and attendance,41,0.65968144,0.27760962,0.06270893,0.7804878048780488,0.17073170731707318,0.04878048780487805,0.7561979
2023-12-01,Recruitment and labor market,26,0.44482484,0.4497983,0.10537685,0.46153846153846156,0.46153846153846156,0.07692307692307693,0.667739
2023-12-01,Scheduling hours and time off,48,0.4935416,0.46096897,0.04548945,0.5416666666666666,0.4583333333333333,0.0,0.6785545
2023-12-01,Service work and tips,17,0.5178359,0.44620222,0.035961885,0.7058823529411765,0.29411764705882354,0.0,0.6765351
2023-12-01,Work arrangements and control,18,0.44770446,0.4610488,0.091246694,0.4444444444444444,0.5,0.05555555555555555,0.64682394
2023-12-01,Workplace authority and interpersonal conflict,34,0.6721766,0.2572357,0.07058775,0.7941176470588235,0.17647058823529413,0.029411764705882353,0.7452852
2024-01-01,Career precarity and exit,45,0.60109305,0.30217752,0.09672945,0.7555555555555555,0.17777777777777778,0.06666666666666667,0.69749945
2024-01-01,Collective worker power and rights,5,0.6416637,0.1571857,0.20115061,0.8,0.0,0.2,0.8217802
2024-01-01,Compensation and pay rights,60,0.56696236,0.35395086,0.07908675,0.6666666666666666,0.3,0.03333333333333333,0.7027956
2024-01-01,Health safety and attendance,64,0.5962981,0.34492224,0.05877965,0.734375,0.234375,0.03125,0.72220474
2024-01-01,Recruitment and labor market,32,0.54513574,0.34658137,0.10828286,0.65625,0.25,0.09375,0.6728926
2024-01-01,Scheduling hours and time off,42,0.5990121,0.36364576,0.037342142,0.7619047619047619,0.23809523809523808,0.0,0.69353485
2024-01-01,Service work and tips,21,0.51732284,0.38045484,0.102222286,0.6190476190476191,0.3333333333333333,0.047619047619047616,0.6591963
2024-01-01,Work arrangements and control,30,0.5288403,0.39309892,0.07806078,0.6,0.36666666666666664,0.03333333333333333,0.6628092
2024-01-01,Workplace authority and interpersonal conflict,32,0.647999,0.27279243,0.0792086,0.78125,0.15625,0.0625,0.70313907
2024-02-01,Career precarity and exit,40,0.48811835,0.38385946,0.12802216,0.575,0.35,0.075,0.6795584
2024-02-01,Collective worker power and rights,2,0.49759763,0.44512424,0.05727817,0.5,0.5,0.0,0.6113508
2024-02-01,Compensation and pay rights,51,0.49664435,0.37875962,0.12459605,0.5882352941176471,0.3137254901960784,0.09803921568627451,0.68642694
2024-02-01,Health safety and attendance,35,0.69695467,0.28022298,0.022822332,0.8285714285714286,0.17142857142857143,0.0,0.7539778
2024-02-01,Recruitment and labor market,39,0.47730944,0.42469293,0.09799761,0.5128205128205128,0.4358974358974359,0.05128205128205128,0.72613555
2024-02-01,Scheduling hours and time off,28,0.4904668,0.41738182,0.09215138,0.5714285714285714,0.39285714285714285,0.03571428571428571,0.6718917
2024-02-01,Service work and tips,11,0.5462827,0.3816434,0.07207387,0.6363636363636364,0.36363636363636365,0.0,0.66609937
2024-02-01,Work arrangements and control,25,0.49992546,0.44260415,0.057470385,0.6,0.4,0.0,0.67599815
2024-02-01,Workplace authority and interpersonal conflict,30,0.6410644,0.27997202,0.078963615,0.8,0.13333333333333333,0.06666666666666667,0.706822
2024-03-01,Career precarity and exit,37,0.5793196,0.28910667,0.13157378,0.6756756756756757,0.1891891891891892,0.13513513513513514,0.71412206
2024-03-01,Collective worker power and rights,7,0.4139855,0.4788819,0.10713259,0.42857142857142855,0.5714285714285714,0.0,0.7644563
2024-03-01,Compensation and pay rights,46,0.47402063,0.42228508,0.10369428,0.4782608695652174,0.45652173913043476,0.06521739130434782,0.6640354
2024-03-01,Health safety and attendance,24,0.6073454,0.34904197,0.04361264,0.75,0.25,0.0,0.67927647
2024-03-01,Recruitment and labor market,32,0.46499148,0.337889,0.19711953,0.53125,0.34375,0.125,0.6907582
2024-03-01,Scheduling hours and time off,44,0.46250713,0.42818534,0.10930755,0.5227272727272727,0.4318181818181818,0.045454545454545456,0.7096493
2024-03-01,Service work and tips,15,0.5918825,0.36671612,0.041401353,0.6,0.4,0.0,0.7366866
2024-03-01,Work arrangements and control,12,0.4126295,0.47240198,0.11496853,0.4166666666666667,0.5,0.08333333333333333,0.6140647
2024-03-01,Workplace authority and interpersonal conflict,34,0.59606266,0.2609449,0.14299244,0.7352941176470589,0.11764705882352941,0.14705882352941177,0.74210125
2024-04-01,Career precarity and exit,28,0.63273805,0.27194217,0.09531981,0.75,0.17857142857142858,0.07142857142857142,0.7247015
2024-04-01,Collective worker power and rights,4,0.7038548,0.2825241,0.013621065,1.0,0.0,0.0,0.7038548
2024-04-01,Compensation and pay rights,38,0.49846634,0.40808624,0.093447395,0.5789473684210527,0.3684210526315789,0.05263157894736842,0.6702606
2024-04-01,Health safety and attendance,25,0.6805271,0.28896493,0.030507937,0.8,0.2,0.0,0.71515
2024-04-01,Recruitment and labor market,29,0.5397513,0.3802307,0.080018,0.5862068965517241,0.3793103448275862,0.034482758620689655,0.7085031
2024-04-01,Scheduling hours and time off,30,0.41429165,0.5095611,0.07614724,0.5,0.4666666666666667,0.03333333333333333,0.69658035
2024-04-01,Service work and tips,2,0.34532464,0.56237245,0.0923029,0.5,0.5,0.0,0.6392386
2024-04-01,Work arrangements and control,11,0.62831205,0.32547152,0.046216473,0.7272727272727273,0.2727272727272727,0.0,0.7485838
2024-04-01,Workplace authority and interpersonal conflict,30,0.6286447,0.2971833,0.074171975,0.8,0.13333333333333333,0.06666666666666667,0.72949696
2024-05-01,Career precarity and exit,23,0.617876,0.32892123,0.053202815,0.782608695652174,0.17391304347826086,0.043478260869565216,0.70134693
2024-05-01,Collective worker power and rights,4,0.336258,0.5364902,0.1272518,0.5,0.5,0.0,0.6381824
2024-05-01,Compensation and pay rights,40,0.5887557,0.35728547,0.05395881,0.65,0.325,0.025,0.72270757
2024-05-01,Health safety and attendance,22,0.66225964,0.29610512,0.041635215,0.8181818181818182,0.18181818181818182,0.0,0.7023217
2024-05-01,Recruitment and labor market,37,0.45053977,0.43842745,0.1110328,0.5405405405405406,0.40540540540540543,0.05405405405405406,0.6500947
2024-05-01,Scheduling hours and time off,51,0.44771647,0.44449484,0.10778868,0.45098039215686275,0.49019607843137253,0.058823529411764705,0.6944982
2024-05-01,Service work and tips,22,0.4824378,0.38992813,0.12763411,0.5454545454545454,0.3181818181818182,0.13636363636363635,0.6936806
2024-05-01,Work arrangements and control,17,0.43484065,0.49683493,0.06832445,0.47058823529411764,0.5294117647058824,0.0,0.6665903
2024-05-01,Workplace authority and interpersonal conflict,37,0.6813947,0.2605015,0.05810382,0.8648648648648649,0.10810810810810811,0.02702702702702703,0.73404187
2024-06-01,Career precarity and exit,29,0.58974993,0.31539252,0.09485752,0.6206896551724138,0.3103448275862069,0.06896551724137931,0.7371846
2024-06-01,Collective worker power and rights,7,0.49547333,0.34463882,0.15988784,0.5714285714285714,0.2857142857142857,0.14285714285714285,0.7126072
2024-06-01,Compensation and pay rights,41,0.49888402,0.40271595,0.09840005,0.5365853658536586,0.3902439024390244,0.07317073170731707,0.6840836
2024-06-01,Health safety and attendance,19,0.66150075,0.30972314,0.028776156,0.6842105263157895,0.3157894736842105,0.0,0.73738766
2024-06-01,Recruitment and labor market,29,0.51302403,0.37566605,0.11130992,0.6206896551724138,0.3103448275862069,0.06896551724137931,0.6402982
2024-06-01,Scheduling hours and time off,41,0.4358688,0.48583347,0.07829771,0.43902439024390244,0.5365853658536586,0.024390243902439025,0.69443524
2024-06-01,Service work and tips,8,0.63203907,0.33274084,0.035220087,0.75,0.25,0.0,0.6939491
2024-06-01,Work arrangements and control,13,0.54320335,0.40398648,0.05281015,0.6923076923076923,0.3076923076923077,0.0,0.6562417
2024-06-01,Workplace authority and interpersonal conflict,17,0.6399163,0.28049082,0.0795929,0.7647058823529411,0.17647058823529413,0.058823529411764705,0.74575025
2024-07-01,Career precarity and exit,21,0.5246876,0.33625397,0.13905843,0.6666666666666666,0.2857142857142857,0.047619047619047616,0.68924904
2024-07-01,Collective worker power and rights,4,0.3851961,0.3092178,0.3055861,0.5,0.25,0.25,0.6738034
2024-07-01,Compensation and pay rights,30,0.5916016,0.34237537,0.06602296,0.7666666666666667,0.2,0.03333333333333333,0.6736109
2024-07-01,Health safety and attendance,24,0.6043847,0.34318197,0.05243334,0.7083333333333334,0.2916666666666667,0.0,0.7013394
2024-07-01,Recruitment and labor market,24,0.5341757,0.37354884,0.09227548,0.625,0.2916666666666667,0.08333333333333333,0.6526174
2024-07-01,Scheduling hours and time off,39,0.50311565,0.41678962,0.08009473,0.5641025641025641,0.38461538461538464,0.05128205128205128,0.6721496
2024-07-01,Service work and tips,13,0.34729815,0.6026323,0.05006957,0.38461538461538464,0.6153846153846154,0.0,0.73357046
2024-07-01,Work arrangements and control,9,0.34485203,0.48577574,0.16937222,0.3333333333333333,0.5555555555555556,0.1111111111111111,0.7505353
2024-07-01,Workplace authority and interpersonal conflict,22,0.6345064,0.31512788,0.05036571,0.7272727272727273,0.2727272727272727,0.0,0.7218085
2024-08-01,Career precarity and exit,36,0.5683026,0.3408696,0.09082782,0.6111111111111112,0.3333333333333333,0.05555555555555555,0.7410428
2024-08-01,Collective worker power and rights,8,0.642164,0.23327214,0.1245639,0.875,0.0,0.125,0.7505472
2024-08-01,Compensation and pay rights,42,0.5547619,0.3791657,0.06607243,0.6190476190476191,0.35714285714285715,0.023809523809523808,0.7036916
2024-08-01,Health safety and attendance,29,0.6093166,0.3251971,0.06548634,0.7241379310344828,0.2413793103448276,0.034482758620689655,0.70203435
2024-08-01,Recruitment and labor market,33,0.54020756,0.3301805,0.12961198,0.6666666666666666,0.21212121212121213,0.12121212121212122,0.68603134
2024-08-01,Scheduling hours and time off,30,0.47513953,0.45780274,0.067057714,0.5,0.4666666666666667,0.03333333333333333,0.71246755
2024-08-01,Service work and tips,14,0.5376032,0.40377814,0.058618672,0.5714285714285714,0.42857142857142855,0.0,0.65313184
2024-08-01,Work arrangements and control,21,0.55630654,0.38164148,0.06205198,0.6190476190476191,0.38095238095238093,0.0,0.68931437
2024-08-01,Workplace authority and interpersonal conflict,14,0.6425349,0.2897046,0.067760475,0.8571428571428571,0.14285714285714285,0.0,0.7104482
2024-09-01,Career precarity and exit,21,0.6474306,0.30265668,0.04991272,0.8095238095238095,0.14285714285714285,0.047619047619047616,0.73880756
2024-09-01,Collective worker power and rights,5,0.24433175,0.4489955,0.30667275,0.2,0.6,0.2,0.65910643
2024-09-01,Compensation and pay rights,23,0.53219265,0.41062164,0.05718573,0.5652173913043478,0.43478260869565216,0.0,0.68237287
2024-09-01,Health safety and attendance,27,0.6011587,0.3549094,0.04393187,0.7037037037037037,0.2962962962962963,0.0,0.7010495
2024-09-01,Recruitment and labor market,21,0.5724055,0.36636344,0.06123107,0.6190476190476191,0.38095238095238093,0.0,0.7122949
2024-09-01,Scheduling hours and time off,26,0.40294918,0.5081558,0.088895,0.34615384615384615,0.6153846153846154,0.038461538461538464,0.67714244
2024-09-01,Service work and tips,13,0.7010393,0.26572353,0.033237107,0.8461538461538461,0.15384615384615385,0.0,0.76773506
2024-09-01,Work arrangements and control,14,0.44049078,0.4246039,0.1349053,0.42857142857142855,0.5,0.07142857142857142,0.65059817
2024-09-01,Workplace authority and interpersonal conflict,21,0.6008096,0.28383207,0.115358315,0.7142857142857143,0.14285714285714285,0.14285714285714285,0.6827714
2024-10-01,Career precarity and exit,20,0.61030537,0.3341251,0.055569522,0.8,0.2,0.0,0.7068511
2024-10-01,Collective worker power and rights,2,0.5043942,0.41805184,0.07755399,0.5,0.5,0.0,0.6541784
2024-10-01,Compensation and pay rights,27,0.39135894,0.46470606,0.14393502,0.37037037037037035,0.5185185185185185,0.1111111111111111,0.68558365
2024-10-01,Health safety and attendance,35,0.677166,0.2887073,0.034126744,0.8285714285714286,0.17142857142857143,0.0,0.7721069
2024-10-01,Recruitment and labor market,24,0.60901946,0.34644318,0.044537365,0.75,0.25,0.0,0.7000107
2024-10-01,Scheduling hours and time off,32,0.5268527,0.43152574,0.04162157,0.625,0.375,0.0,0.67519003
2024-10-01,Service work and tips,7,0.56219214,0.39993522,0.037872646,0.7142857142857143,0.2857142857142857,0.0,0.66388506
2024-10-01,Work arrangements and control,13,0.30939454,0.49829718,0.19230826,0.15384615384615385,0.6153846153846154,0.23076923076923078,0.63214123
2024-10-01,Workplace authority and interpersonal conflict,9,0.6548693,0.28468865,0.060442038,0.7777777777777778,0.2222222222222222,0.0,0.69627506
2024-11-01,Career precarity and exit,19,0.60909045,0.32674482,0.0641647,0.7368421052631579,0.2631578947368421,0.0,0.73366374
2024-11-01,Collective worker power and rights,3,0.4941857,0.40179515,0.104019135,0.6666666666666666,0.3333333333333333,0.0,0.7462515
2024-11-01,Compensation and pay rights,23,0.6523098,0.32333153,0.024358729,0.6956521739130435,0.30434782608695654,0.0,0.75649196
2024-11-01,Health safety and attendance,20,0.77291405,0.20953229,0.01755367,1.0,0.0,0.0,0.77291405
2024-11-01,Recruitment and labor market,16,0.5132067,0.41222316,0.07457013,0.5625,0.4375,0.0,0.711482
2024-11-01,Scheduling hours and time off,27,0.5260071,0.39779544,0.07619747,0.6296296296296297,0.3333333333333333,0.037037037037037035,0.6414822
2024-11-01,Service work and tips,3,0.6423007,0.33621213,0.021487124,0.6666666666666666,0.3333333333333333,0.0,0.64947814
2024-11-01,Work arrangements and control,10,0.50981,0.33061212,0.15957788,0.6,0.2,0.2,0.707823
2024-11-01,Workplace authority and interpersonal conflict,18,0.71766436,0.2459803,0.03635537,0.7777777777777778,0.2222222222222222,0.0,0.7686727
2024-12-01,Career precarity and exit,18,0.5786358,0.2928439,0.12852028,0.6111111111111112,0.2777777777777778,0.1111111111111111,0.74721384
2024-12-01,Collective worker power and rights,1,0.9069889,0.084678605,0.008332536,1.0,0.0,0.0,0.9069889
2024-12-01,Compensation and pay rights,15,0.5111803,0.34649792,0.14232178,0.6,0.3333333333333333,0.06666666666666667,0.7056583
2024-12-01,Health safety and attendance,21,0.6366356,0.32379636,0.03956801,0.7619047619047619,0.23809523809523808,0.0,0.74448276
2024-12-01,Recruitment and labor market,11,0.4917618,0.37259147,0.13564673,0.45454545454545453,0.36363636363636365,0.18181818181818182,0.7085394
2024-12-01,Scheduling hours and time off,25,0.5190709,0.43616596,0.044763092,0.6,0.4,0.0,0.69894755
2024-12-01,Service work and tips,3,0.5872075,0.3616834,0.05110912,1.0,0.0,0.0,0.5872075
2024-12-01,Work arrangements and control,15,0.48675007,0.42194125,0.0913087,0.5333333333333333,0.4,0.06666666666666667,0.6642849
2024-12-01,Workplace authority and interpersonal conflict,17,0.6232948,0.28691941,0.08978579,0.7058823529411765,0.23529411764705882,0.058823529411764705,0.7361995
2025-01-01,Career precarity and exit,28,0.6047224,0.30166236,0.09361531,0.75,0.17857142857142858,0.07142857142857142,0.6806031
2025-01-01,Collective worker power and rights,5,0.76166666,0.22251305,0.015820257,0.8,0.2,0.0,0.7638465
2025-01-01,Compensation and pay rights,19,0.60935676,0.3286469,0.06199634,0.7368421052631579,0.2631578947368421,0.0,0.7054321
2025-01-01,Health safety and attendance,27,0.5457652,0.3308899,0.123344906,0.5925925925925926,0.2962962962962963,0.1111111111111111,0.6972427
2025-01-01,Recruitment and labor market,13,0.51789683,0.32279083,0.15931232,0.5384615384615384,0.3076923076923077,0.15384615384615385,0.7660719
2025-01-01,Scheduling hours and time off,26,0.42752603,0.4965771,0.07589682,0.4230769230769231,0.5769230769230769,0.0,0.66242146
2025-01-01,Service work and tips,4,0.7532025,0.23042089,0.016376648,1.0,0.0,0.0,0.7532025
2025-01-01,Work arrangements and control,19,0.35505736,0.481539,0.16340362,0.21052631578947367,0.631578947368421,0.15789473684210525,0.69237196
2025-01-01,Workplace authority and interpersonal conflict,16,0.6590369,0.3000094,0.04095376,0.75,0.25,0.0,0.72991395
2025-02-01,Career precarity and exit,15,0.50222564,0.4125866,0.08518775,0.4666666666666667,0.5333333333333333,0.0,0.6992963
2025-02-01,Compensation and pay rights,19,0.5591347,0.39216453,0.0487007,0.631578947368421,0.3684210526315789,0.0,0.7112948
2025-02-01,Health safety and attendance,26,0.80551255,0.17065795,0.023829456,0.9615384615384616,0.038461538461538464,0.0,0.80585384
2025-02-01,Recruitment and labor market,10,0.70276654,0.234729,0.062504455,0.8,0.1,0.1,0.70808095
2025-02-01,Scheduling hours and time off,12,0.62673134,0.3356613,0.03760734,0.8333333333333334,0.16666666666666666,0.0,0.7086597
2025-02-01,Service work and tips,7,0.47986344,0.47438273,0.045753814,0.42857142857142855,0.5714285714285714,0.0,0.59591967
2025-02-01,Work arrangements and control,8,0.45679304,0.48653698,0.056669965,0.5,0.5,0.0,0.6576758
2025-02-01,Workplace authority and interpersonal conflict,11,0.61469275,0.2950014,0.09030583,0.7272727272727273,0.2727272727272727,0.0,0.6759991
