month,candidate_theme,post_count,total_posts,mapped_posts,share_all_posts,share_mapped_posts,three_month_share_all_posts
2021-03-01,Career precarity and exit,9,255,39,0.03529411764705882,0.23076923076923078,0.038055222088835536
2021-03-01,Collective worker power and rights,0,255,39,0.0,0.0,0.0
2021-03-01,Compensation and pay rights,7,255,39,0.027450980392156862,0.1794871794871795,0.01712685074029612
2021-03-01,Health safety and attendance,8,255,39,0.03137254901960784,0.20512820512820512,0.0343937575030012
2021-03-01,Recruitment and labor market,3,255,39,0.011764705882352941,0.07692307692307693,0.01948779511804722
2021-03-01,Scheduling hours and time off,6,255,39,0.023529411764705882,0.15384615384615385,0.021968787515006
2021-03-01,Service work and tips,2,255,39,0.00784313725490196,0.05128205128205128,0.007322929171668668
2021-03-01,Work arrangements and control,4,255,39,0.01568627450980392,0.10256410256410256,0.01294517807122849
2021-03-01,Workplace authority and interpersonal conflict,0,255,39,0.0,0.0,0.00510204081632653
2021-04-01,Career precarity and exit,12,294,47,0.04081632653061224,0.2553191489361702,0.03506007053984384
2021-04-01,Collective worker power and rights,0,294,47,0.0,0.0,0.0
2021-04-01,Compensation and pay rights,2,294,47,0.006802721088435374,0.0425531914893617,0.01626286173384082
2021-04-01,Health safety and attendance,11,294,47,0.03741496598639456,0.23404255319148937,0.03165010190122561
2021-04-01,Recruitment and labor market,8,294,47,0.027210884353741496,0.1702127659574468,0.01880581690040357
2021-04-01,Scheduling hours and time off,6,294,47,0.02040816326530612,0.1276595744680851,0.018521827335585397
2021-04-01,Service work and tips,2,294,47,0.006802721088435374,0.0425531914893617,0.00585094502917446
2021-04-01,Work arrangements and control,3,294,47,0.01020408163265306,0.06382978723404255,0.011537095458338373
2021-04-01,Workplace authority and interpersonal conflict,3,294,47,0.01020408163265306,0.06382978723404255,0.003401360544217687
2021-05-01,Career precarity and exit,10,344,38,0.029069767441860465,0.2631578947368421,0.03942439691555542
2021-05-01,Collective worker power and rights,0,344,38,0.0,0.0,0.000896057347670251
2021-05-01,Compensation and pay rights,5,344,38,0.014534883720930232,0.13157894736842105,0.010696764327136205
2021-05-01,Health safety and attendance,9,344,38,0.02616279069767442,0.23684210526315788,0.029257101690388584
2021-05-01,Recruitment and labor market,6,344,38,0.01744186046511628,0.15789473684210525,0.0220527070543146
2021-05-01,Scheduling hours and time off,4,344,38,0.011627906976744186,0.10526315789473684,0.01426291947136444
2021-05-01,Service work and tips,1,344,38,0.0029069767441860465,0.02631578947368421,0.004132623291877391
2021-05-01,Work arrangements and control,3,344,38,0.00872093023255814,0.07894736842105263,0.010788624026754989
2021-05-01,Workplace authority and interpersonal conflict,0,344,38,0.0,0.0,0.006985589934898691
2021-06-01,Career precarity and exit,18,372,54,0.04838709677419355,0.3333333333333333,0.04581895473868467
2021-06-01,Collective worker power and rights,1,372,54,0.002688172043010753,0.018518518518518517,0.0018484383000512035
2021-06-01,Compensation and pay rights,4,372,54,0.010752688172043012,0.07407407407407407,0.017953000154800603
2021-06-01,Health safety and attendance,9,372,54,0.024193548387096774,0.16666666666666666,0.024404493980638015
2021-06-01,Recruitment and labor market,8,372,54,0.021505376344086023,0.14814814814814814,0.01774431703163886
2021-06-01,Scheduling hours and time off,4,372,54,0.010752688172043012,0.07407407407407407,0.011269722192452876
2021-06-01,Service work and tips,1,372,54,0.002688172043010753,0.018518518518518517,0.0037698115004941714
2021-06-01,Work arrangements and control,5,372,54,0.013440860215053764,0.09259259259259259,0.016911073006346825
2021-06-01,Workplace authority and interpersonal conflict,4,372,54,0.010752688172043012,0.07407407407407407,0.005488991295442908
2021-07-01,Career precarity and exit,21,350,63,0.06,0.3333333333333333,0.047977373490292
2021-07-01,Collective worker power and rights,1,350,63,0.002857142857142857,0.015873015873015872,0.0018484383000512035
2021-07-01,Compensation and pay rights,10,350,63,0.02857142857142857,0.15873015873015872,0.017847375407381523
2021-07-01,Health safety and attendance,8,350,63,0.022857142857142857,0.12698412698412698,0.02674201556482553
2021-07-01,Recruitment and labor market,5,350,63,0.014285714285714285,0.07936507936507936,0.016669700036157763
2021-07-01,Scheduling hours and time off,4,350,63,0.011428571428571429,0.06349206349206349,0.015292647355023137
2021-07-01,Service work and tips,2,350,63,0.005714285714285714,0.031746031746031744,0.005170487498877653
2021-07-01,Work arrangements and control,10,350,63,0.02857142857142857,0.15873015873015872,0.022692879832460933
2021-07-01,Workplace authority and interpersonal conflict,2,350,63,0.005714285714285714,0.031746031746031744,0.005488991295442908
2021-08-01,Career precarity and exit,15,422,65,0.035545023696682464,0.23076923076923078,0.04081695109769834
2021-08-01,Collective worker power and rights,0,422,65,0.0,0.0,0.0014506370560182218
2021-08-01,Compensation and pay rights,6,422,65,0.014218009478672985,0.09230769230769231,0.02422826808944591
2021-08-01,Health safety and attendance,14,422,65,0.03317535545023697,0.2153846153846154,0.028642621508538666
2021-08-01,Recruitment and labor market,6,422,65,0.014218009478672985,0.09230769230769231,0.013985546187531181
2021-08-01,Scheduling hours and time off,10,422,65,0.023696682464454975,0.15384615384615385,0.018185747311626636
2021-08-01,Service work and tips,3,422,65,0.0071090047393364926,0.046153846153846156,0.007263966773031019
2021-08-01,Work arrangements and control,11,422,65,0.026066350710900472,0.16923076923076924,0.024191666337756917
2021-08-01,Workplace authority and interpersonal conflict,0,422,65,0.0,0.0,0.006389066837497331
2021-09-01,Career precarity and exit,18,669,108,0.026905829596412557,0.16666666666666666,0.028807047879152312
2021-09-01,Collective worker power and rights,1,669,108,0.0014947683109118087,0.009259259259259259,0.0025239144425974313
2021-09-01,Compensation and pay rights,20,669,108,0.029895366218236172,0.18518518518518517,0.02269455534709036
2021-09-01,Health safety and attendance,20,669,108,0.029895366218236172,0.18518518518518517,0.0304766461379718
2021-09-01,Recruitment and labor market,9,669,108,0.013452914798206279,0.08333333333333333,0.017438811355853744
2021-09-01,Scheduling hours and time off,13,669,108,0.01943198804185351,0.12037037037037036,0.01876514990318318
2021-09-01,Service work and tips,6,669,108,0.008968609865470852,0.05555555555555555,0.008510228951096033
2021-09-01,Work arrangements and control,12,669,108,0.017937219730941704,0.1111111111111111,0.01736873459922761
2021-09-01,Workplace authority and interpersonal conflict,9,669,108,0.013452914798206279,0.08333333333333333,0.006509963271695588
2021-10-01,Career precarity and exit,71,2962,426,0.02397029034436192,0.16666666666666666,0.0239409954752627
2021-10-01,Collective worker power and rights,18,2962,426,0.006076975016880486,0.04225352112676056,0.005362243234604697
2021-10-01,Compensation and pay rights,71,2962,426,0.02397029034436192,0.16666666666666666,0.027832603050384652
2021-10-01,Health safety and attendance,84,2962,426,0.02835921674544227,0.19718309859154928,0.029238811941571286
2021-10-01,Recruitment and labor market,73,2962,426,0.02464550979068197,0.17136150234741784,0.020646795480583097
2021-10-01,Scheduling hours and time off,39,2962,426,0.013166779203241054,0.09154929577464789,0.01648614675653924
2021-10-01,Service work and tips,28,2962,426,0.009453072248480757,0.06572769953051644,0.01068188677186216
2021-10-01,Work arrangements and control,24,2962,426,0.008102633355840648,0.056338028169014086,0.011461513245094571
2021-10-01,Workplace authority and interpersonal conflict,18,2962,426,0.006076975016880486,0.04225352112676056,0.009461825215383145
2021-11-01,Career precarity and exit,123,5872,940,0.020946866485013624,0.13085106382978723,0.023165202605123846
2021-11-01,Collective worker power and rights,50,5872,940,0.0085149863760218,0.05319148936170213,0.008722232343885404
2021-11-01,Compensation and pay rights,174,5872,940,0.02963215258855586,0.1851063829787234,0.03025197178453647
2021-11-01,Health safety and attendance,173,5872,940,0.029461852861035424,0.18404255319148935,0.03761226279442369
2021-11-01,Recruitment and labor market,140,5872,940,0.023841961852861037,0.14893617021276595,0.021354450155354577
2021-11-01,Scheduling hours and time off,99,5872,940,0.01685967302452316,0.10531914893617021,0.016963185323897016
2021-11-01,Service work and tips,80,5872,940,0.013623978201634877,0.0851063829787234,0.013217738356192684
2021-11-01,Work arrangements and control,49,5872,940,0.008344686648501362,0.052127659574468084,0.008864358644869267
2021-11-01,Workplace authority and interpersonal conflict,52,5872,940,0.008855585831062671,0.05531914893617021,0.007120989845379928
2021-12-01,Career precarity and exit,172,6998,1385,0.024578450985996,0.12418772563176896,0.023553414741685808
2021-12-01,Collective worker power and rights,81,6998,1385,0.01157473563875393,0.05848375451263538,0.009266607415359578
2021-12-01,Compensation and pay rights,260,6998,1385,0.03715347242069163,0.18772563176895307,0.03670546276972347
2021-12-01,Health safety and attendance,385,6998,1385,0.05501571877679337,0.2779783393501805,0.05658376006534668
2021-12-01,Recruitment and labor market,109,6998,1385,0.01557587882252072,0.07870036101083032,0.018896155064500163
2021-12-01,Scheduling hours and time off,146,6998,1385,0.020863103743926838,0.10541516245487365,0.017611524407267962
2021-12-01,Service work and tips,116,6998,1385,0.016576164618462418,0.08375451263537906,0.01453857240752151
2021-12-01,Work arrangements and control,71,6998,1385,0.01014575593026579,0.051263537906137184,0.009350322288527628
2021-12-01,Workplace authority and interpersonal conflict,45,6998,1385,0.006430408688196628,0.032490974729241874,0.007768166253271476
2022-01-01,Career precarity and exit,163,6485,1458,0.025134926754047802,0.11179698216735254,0.025383504230798493
2022-01-01,Collective worker power and rights,50,6485,1458,0.007710100231303007,0.03429355281207133,0.009399894567608896
2022-01-01,Compensation and pay rights,281,6485,1458,0.0433307632999229,0.19272976680384088,0.04260838393269382
2022-01-01,Health safety and attendance,553,6485,1458,0.08527370855821126,0.3792866941015089,0.06028911846713495
2022-01-01,Recruitment and labor market,112,6485,1458,0.017270624518118737,0.07681755829903979,0.019248865187734415
2022-01-01,Scheduling hours and time off,98,6485,1458,0.015111796453353893,0.06721536351165981,0.01762745674164917
2022-01-01,Service work and tips,87,6485,1458,0.013415574402467233,0.059670781893004114,0.014710844044992741
2022-01-01,Work arrangements and control,62,6485,1458,0.009560524286815728,0.04252400548696845,0.009847784562574667
2022-01-01,Workplace authority and interpersonal conflict,52,6485,1458,0.008018504240555127,0.03566529492455418,0.007173103161925346
2022-02-01,Career precarity and exit,86,3253,638,0.026437134952351674,0.13479623824451412,0.025290530197694772
2022-02-01,Collective worker power and rights,29,3253,638,0.00891484783276975,0.045454545454545456,0.008103844577436603
2022-02-01,Compensation and pay rights,154,3253,638,0.04734091607746695,0.2413793103448276,0.044605246956691734
2022-02-01,Health safety and attendance,132,3253,638,0.040577928066400246,0.20689655172413793,0.05129016038573917
2022-02-01,Recruitment and labor market,81,3253,638,0.02490009222256379,0.12695924764890282,0.024388337930008483
2022-02-01,Scheduling hours and time off,55,3253,638,0.01690747002766677,0.08620689655172414,0.017698462824857947
2022-02-01,Service work and tips,46,3253,638,0.014140793114048571,0.07210031347962383,0.013565983155145733
2022-02-01,Work arrangements and control,32,3253,638,0.009837073470642483,0.050156739811912224,0.012830028246617817
2022-02-01,Workplace authority and interpersonal conflict,23,3253,638,0.007070396557024286,0.03605015673981191,0.00833569195112305
2022-03-01,Career precarity and exit,98,4033,796,0.02429952888668485,0.12311557788944724,0.027005648039772272
2022-03-01,Collective worker power and rights,31,4033,796,0.007686585668237045,0.038944723618090454,0.008620230920088685
2022-03-01,Compensation and pay rights,174,4033,796,0.04314406149268535,0.2185929648241206,0.04584400820573312
2022-03-01,Health safety and attendance,113,4033,796,0.028018844532606002,0.14195979899497488,0.03237510037584492
2022-03-01,Recruitment and labor market,125,4033,796,0.030994297049342923,0.157035175879397,0.02588872034789283
2022-03-01,Scheduling hours and time off,85,4033,796,0.021076121993553187,0.10678391959798995,0.020252121597997576
2022-03-01,Service work and tips,53,4033,796,0.0131415819489214,0.06658291457286432,0.01551721477741308
2022-03-01,Work arrangements and control,77,4033,796,0.01909248698239524,0.09673366834170855,0.015315525823351583
2022-03-01,Workplace authority and interpersonal conflict,40,4033,796,0.009918175055789735,0.05025125628140704,0.00924977745785826
2022-04-01,Career precarity and exit,121,3996,826,0.03028028028028028,0.14648910411622276,0.02754671295861307
2022-04-01,Collective worker power and rights,37,3996,826,0.009259259259259259,0.044794188861985475,0.00798697578490494
2022-04-01,Compensation and pay rights,188,3996,826,0.04704704704704705,0.22760290556900725,0.042690851215570806
2022-04-01,Health safety and attendance,114,3996,826,0.028528528528528527,0.13801452784503632,0.028904075832724724
2022-04-01,Recruitment and labor market,87,3996,826,0.02177177177177177,0.1053268765133172,0.02577295243879317
2022-04-01,Scheduling hours and time off,91,3996,826,0.022772772772772773,0.11016949152542373,0.02338515128946514
2022-04-01,Service work and tips,77,3996,826,0.01926926926926927,0.09322033898305085,0.013960404164978554
2022-04-01,Work arrangements and control,68,3996,826,0.01701701701701702,0.08232445520581114,0.016596304910829456
2022-04-01,Workplace authority and interpersonal conflict,43,3996,826,0.010760760760760761,0.05205811138014528,0.011102028061847943
2022-05-01,Career precarity and exit,80,2851,541,0.02806032970887408,0.1478743068391867,0.02830897563268397
2022-05-01,Collective worker power and rights,20,2851,541,0.00701508242721852,0.036968576709796676,0.00790617014032303
2022-05-01,Compensation and pay rights,108,2851,541,0.03788144510698001,0.19963031423290203,0.044852094572434165
2022-05-01,Health safety and attendance,86,2851,541,0.030164854437039635,0.1589648798521257,0.03043531056904972
2022-05-01,Recruitment and labor market,70,2851,541,0.024552788495264818,0.12939001848428835,0.022885688823503513
2022-05-01,Scheduling hours and time off,75,2851,541,0.02630655910206945,0.13863216266173753,0.024867398702461293
2022-05-01,Service work and tips,27,2851,541,0.009470361276745002,0.04990757855822551,0.013597364737127055
2022-05-01,Work arrangements and control,39,2851,541,0.013679410733076113,0.07208872458410351,0.0154312445566599
2022-05-01,Workplace authority and interpersonal conflict,36,2851,541,0.012627148368993335,0.066543438077634,0.011458973372921696
2022-06-01,Career precarity and exit,75,2821,572,0.026586316908897553,0.13111888111888112,0.027936635453857012
2022-06-01,Collective worker power and rights,21,2821,572,0.007444168734491315,0.03671328671328671,0.0066367759164452965
2022-06-01,Compensation and pay rights,140,2821,572,0.04962779156327544,0.24475524475524477,0.04197977553767305
2022-06-01,Health safety and attendance,92,2821,572,0.032612548741581,0.16083916083916083,0.03101029274664842
2022-06-01,Recruitment and labor market,63,2821,572,0.022332506203473945,0.11013986013986014,0.022714831130160127
2022-06-01,Scheduling hours and time off,72,2821,572,0.025522864232541652,0.1258741258741259,0.02436287400878424
2022-06-01,Service work and tips,34,2821,572,0.012052463665366891,0.05944055944055944,0.013170459227092627
2022-06-01,Work arrangements and control,44,2821,572,0.015597305919886565,0.07692307692307693,0.013938064268167535
2022-06-01,Workplace authority and interpersonal conflict,31,2821,572,0.01098901098901099,0.05419580419580419,0.011324401624831277
2022-07-01,Career precarity and exit,107,3669,685,0.0291632597437994,0.1562043795620438,0.027945977418910986
2022-07-01,Collective worker power and rights,20,3669,685,0.005451076587626056,0.029197080291970802,0.006298233305718062
2022-07-01,Compensation and pay rights,141,3669,685,0.038430089942763694,0.20583941605839415,0.041533338013148395
2022-07-01,Health safety and attendance,111,3669,685,0.03025347506132461,0.16204379562043797,0.030863531432165706
2022-07-01,Recruitment and labor market,78,3669,685,0.02125919869174162,0.11386861313868613,0.022075336955799968
2022-07-01,Scheduling hours and time off,78,3669,685,0.02125919869174162,0.11386861313868613,0.024956806176106423
2022-07-01,Service work and tips,66,3669,685,0.017988552739165987,0.09635036496350365,0.01555862259389347
2022-07-01,Work arrangements and control,46,3669,685,0.012537476151539929,0.06715328467153285,0.013105194605574126
2022-07-01,Workplace authority and interpersonal conflict,38,3669,685,0.010357045516489506,0.05547445255474453,0.010478682774808684
2022-08-01,Career precarity and exit,103,3667,693,0.028088355604035997,0.14862914862914864,0.02929195972921565
2022-08-01,Collective worker power and rights,22,3667,693,0.0059994545950368145,0.031746031746031744,0.005779937563439645
2022-08-01,Compensation and pay rights,134,3667,693,0.03654213253340605,0.19336219336219337,0.03742366845266384
2022-08-01,Health safety and attendance,109,3667,693,0.029724570493591493,0.15728715728715728,0.030331642720634905
2022-08-01,Recruitment and labor market,83,3667,693,0.022634305972184347,0.11976911976911978,0.023007035254419505
2022-08-01,Scheduling hours and time off,103,3667,693,0.028088355604035997,0.14862914862914864,0.025872035177508912
2022-08-01,Service work and tips,61,3667,693,0.01663485137714753,0.08802308802308802,0.01585994114438562
2022-08-01,Work arrangements and control,41,3667,693,0.011180801745295883,0.05916305916305916,0.0143188658295041
2022-08-01,Workplace authority and interpersonal conflict,37,3667,693,0.010089991818925552,0.05339105339105339,0.010087502171613943
2022-09-01,Career precarity and exit,78,2547,510,0.030624263839811542,0.15294117647058825,0.02685207308969958
2022-09-01,Collective worker power and rights,15,2547,510,0.005889281507656066,0.029411764705882353,0.00541915202258104
2022-09-01,Compensation and pay rights,95,2547,510,0.03729878288182175,0.18627450980392157,0.0355354383843682
2022-09-01,Health safety and attendance,79,2547,510,0.031016882606988615,0.15490196078431373,0.029858334956637228
2022-09-01,Recruitment and labor market,64,2547,510,0.02512760109933255,0.12549019607843137,0.02349308362992605
2022-09-01,Scheduling hours and time off,72,2547,510,0.028268551236749116,0.1411764705882353,0.027231827546025503
2022-09-01,Service work and tips,33,2547,510,0.012956419316843345,0.06470588235294118,0.013941228865377181
2022-09-01,Work arrangements and control,49,2547,510,0.019238319591676482,0.09607843137254903,0.015090923072714394
2022-09-01,Workplace authority and interpersonal conflict,25,2547,510,0.009815469179426776,0.049019607843137254,0.010712625633497666
2022-10-01,Career precarity and exit,50,2289,401,0.021843599825251202,0.12468827930174564,0.026762103896162934
2022-10-01,Collective worker power and rights,10,2289,401,0.00436871996505024,0.02493765586034913,0.006835634458691268
2022-10-01,Compensation and pay rights,75,2289,401,0.0327653997378768,0.18703241895261846,0.03718261106031598
2022-10-01,Health safety and attendance,66,2289,401,0.028833551769331587,0.16458852867830423,0.02808419392176348
2022-10-01,Recruitment and labor market,52,2289,401,0.022717343818261248,0.12967581047381546,0.02180483034588412
2022-10-01,Scheduling hours and time off,58,2289,401,0.025338575797291395,0.14463840399002495,0.026328453439523183
2022-10-01,Service work and tips,28,2289,401,0.012232415902140673,0.06982543640897755,0.012137941005970107
2022-10-01,Work arrangements and control,34,2289,401,0.014853647881170816,0.08478802992518704,0.015431013722444138
2022-10-01,Workplace authority and interpersonal conflict,28,2289,401,0.012232415902140673,0.06982543640897755,0.010440233696458712
2022-11-01,Career precarity and exit,57,2049,368,0.027818448023426062,0.15489130434782608,0.02651300833385903
2022-11-01,Collective worker power and rights,21,2049,368,0.010248901903367497,0.057065217391304345,0.006337098326379433
2022-11-01,Compensation and pay rights,85,2049,368,0.04148365056124939,0.23097826086956522,0.03646614506163023
2022-11-01,Health safety and attendance,50,2049,368,0.02440214738897023,0.1358695652173913,0.0304868850738569
2022-11-01,Recruitment and labor market,36,2049,368,0.017569546120058566,0.09782608695652174,0.018554915275280595
2022-11-01,Scheduling hours and time off,52,2049,368,0.02537823328452904,0.14130434782608695,0.02701105118193077
2022-11-01,Service work and tips,23,2049,368,0.011224987798926306,0.0625,0.011041161514884072
2022-11-01,Work arrangements and control,25,2049,368,0.012201073694485115,0.06793478260869565,0.012533179013795094
2022-11-01,Workplace authority and interpersonal conflict,19,2049,368,0.009272816007808687,0.051630434782608696,0.012147906828799758
2022-12-01,Career precarity and exit,68,2276,429,0.029876977152899824,0.1585081585081585,0.029193152430169882
2022-12-01,Collective worker power and rights,10,2276,429,0.004393673110720563,0.023310023310023312,0.006367626104904167
2022-12-01,Compensation and pay rights,80,2276,429,0.0351493848857645,0.1864801864801865,0.037587164060690625
2022-12-01,Health safety and attendance,87,2276,429,0.038224956063268895,0.20279720279720279,0.029052923868557855
2022-12-01,Recruitment and labor market,35,2276,429,0.015377855887521968,0.08158508158508158,0.017524245510109362
2022-12-01,Scheduling hours and time off,69,2276,429,0.03031634446397188,0.16083916083916083,0.02748546585074919
2022-12-01,Service work and tips,22,2276,429,0.009666080843585237,0.05128205128205128,0.011870023178190733
2022-12-01,Work arrangements and control,24,2276,429,0.01054481546572935,0.055944055944055944,0.011893589577341783
2022-12-01,Workplace authority and interpersonal conflict,34,2276,429,0.014938488576449912,0.07925407925407925,0.01282809171541894
2023-01-01,Career precarity and exit,67,2242,411,0.029884032114183764,0.1630170316301703,0.028718982784459335
2023-01-01,Collective worker power and rights,10,2242,411,0.0044603033006244425,0.024330900243309004,0.004474168110042244
2023-01-01,Compensation and pay rights,81,2242,411,0.03612845673505798,0.19708029197080293,0.03695725008342137
2023-01-01,Health safety and attendance,55,2242,411,0.024531668153434435,0.13381995133819952,0.03124036374059316
2023-01-01,Recruitment and labor market,44,2242,411,0.019625334522747548,0.1070559610705596,0.018943533859260734
2023-01-01,Scheduling hours and time off,60,2242,411,0.026761819803746655,0.145985401459854,0.029685953233063538
2023-01-01,Service work and tips,33,2242,411,0.014719000892060661,0.08029197080291971,0.011343250595469105
2023-01-01,Work arrangements and control,29,2242,411,0.012934879571810883,0.0705596107055961,0.014087140308621703
2023-01-01,Workplace authority and interpersonal conflict,32,2242,411,0.014272970561998216,0.07785888077858881,0.016674547293188294
2023-02-01,Career precarity and exit,52,1970,403,0.026395939086294416,0.12903225806451613,0.028311552647204887
2023-02-01,Collective worker power and rights,9,1970,403,0.004568527918781726,0.022332506203473945,0.004304737490813874
2023-02-01,Compensation and pay rights,78,1970,403,0.03959390862944162,0.1935483870967742,0.04013474992480245
2023-02-01,Health safety and attendance,61,1970,403,0.030964467005076143,0.1513647642679901,0.030478637249696173
2023-02-01,Recruitment and labor market,43,1970,403,0.02182741116751269,0.10669975186104218,0.021102671746194887
2023-02-01,Scheduling hours and time off,63,1970,403,0.03197969543147208,0.15632754342431762,0.028160722012192874
2023-02-01,Service work and tips,19,1970,403,0.009644670050761422,0.04714640198511166,0.01216849578618596
2023-02-01,Work arrangements and control,37,1970,403,0.018781725888324875,0.09181141439205956,0.01461947395862385
2023-02-01,Workplace authority and interpersonal conflict,41,1970,403,0.02081218274111675,0.10173697270471464,0.01703745032396207
2023-03-01,Career precarity and exit,59,2059,414,0.028654686741136474,0.14251207729468598,0.02778030291008664
2023-03-01,Collective worker power and rights,8,2059,414,0.003885381253035454,0.01932367149758454,0.004867990224144063
2023-03-01,Compensation and pay rights,92,2059,414,0.044681884409907724,0.2222222222222222,0.043057080664612966
2023-03-01,Health safety and attendance,74,2059,414,0.03593977659057795,0.178743961352657,0.030706498582725204
2023-03-01,Recruitment and labor market,45,2059,414,0.021855269548324428,0.10869565217391304,0.021120959172601716
2023-03-01,Scheduling hours and time off,53,2059,414,0.025740650801359885,0.1280193236714976,0.0292852158619485
2023-03-01,Service work and tips,25,2059,414,0.012141816415735794,0.06038647342995169,0.011772207255950079
2023-03-01,Work arrangements and control,25,2059,414,0.012141816415735794,0.06038647342995169,0.015022894585158394
2023-03-01,Workplace authority and interpersonal conflict,33,2059,414,0.016027197668771247,0.07971014492753623,0.016789838570413673
2023-04-01,Career precarity and exit,46,1626,318,0.028290282902829027,0.14465408805031446,0.03054733926851327
2023-04-01,Collective worker power and rights,10,1626,318,0.006150061500615006,0.031446540880503145,0.005071368886121015
2023-04-01,Compensation and pay rights,73,1626,318,0.04489544895448955,0.22955974842767296,0.04280577088324722
2023-04-01,Health safety and attendance,41,1626,318,0.025215252152521524,0.1289308176100629,0.02746251691747369
2023-04-01,Recruitment and labor market,32,1626,318,0.01968019680196802,0.10062893081761007,0.01936906361512424
2023-04-01,Scheduling hours and time off,49,1626,318,0.03013530135301353,0.1540880503144654,0.02881002306405922
2023-04-01,Service work and tips,22,1626,318,0.013530135301353014,0.06918238993710692,0.013735981143742186
2023-04-01,Work arrangements and control,23,1626,318,0.014145141451414513,0.07232704402515723,0.014458849584233944
2023-04-01,Workplace authority and interpersonal conflict,22,1626,318,0.013530135301353014,0.06918238993710692,0.015031108228087337
2023-05-01,Career precarity and exit,67,1931,377,0.03469704816157431,0.17771883289124668,0.029386318592787383
2023-05-01,Collective worker power and rights,10,1931,377,0.005178663904712584,0.026525198938992044,0.005047535979248531
2023-05-01,Compensation and pay rights,75,1931,377,0.038839979285344384,0.1989389920424403,0.04113326885899371
2023-05-01,Health safety and attendance,41,1931,377,0.021232522009321596,0.10875331564986737,0.01955073275519358
2023-05-01,Recruitment and labor market,32,1931,377,0.016571724495080268,0.08488063660477453,0.0230171036919477
2023-05-01,Scheduling hours and time off,59,1931,377,0.030554117037804248,0.15649867374005305,0.03141719489203206
2023-05-01,Service work and tips,30,1931,377,0.015535991714137753,0.07957559681697612,0.013756850373076125
2023-05-01,Work arrangements and control,33,1931,377,0.017089590885551526,0.08753315649867374,0.014988236484556947
2023-05-01,Workplace authority and interpersonal conflict,30,1931,377,0.015535991714137753,0.07957559681697612,0.014773885715054258
2023-06-01,Career precarity and exit,33,1311,247,0.02517162471395881,0.13360323886639677,0.0301491620421174
2023-06-01,Collective worker power and rights,5,1311,247,0.0038138825324180014,0.020242914979757085,0.005424405419584725
2023-06-01,Compensation and pay rights,52,1311,247,0.03966437833714721,0.21052631578947367,0.03745315743101376
2023-06-01,Health safety and attendance,16,1311,247,0.012204424103737605,0.06477732793522267,0.018304974028949598
2023-06-01,Recruitment and labor market,43,1311,247,0.03279938977879481,0.17408906882591094,0.02567921986534824
2023-06-01,Scheduling hours and time off,44,1311,247,0.033562166285278416,0.17813765182186234,0.03144368769427352
2023-06-01,Service work and tips,16,1311,247,0.012204424103737605,0.06477732793522267,0.013251173674518094
2023-06-01,Work arrangements and control,18,1311,247,0.013729977116704805,0.0728744939271255,0.014398902233005476
2023-06-01,Workplace authority and interpersonal conflict,20,1311,247,0.015255530129672006,0.08097165991902834,0.014874931501631527
2023-07-01,Career precarity and exit,84,2747,520,0.030578813250819074,0.16153846153846155,0.029180781826409583
2023-07-01,Collective worker power and rights,20,2747,520,0.0072806698216235895,0.038461538461538464,0.005839053310906177
2023-07-01,Compensation and pay rights,93,2747,520,0.03385511467054969,0.17884615384615385,0.03767284320552003
2023-07-01,Health safety and attendance,59,2747,520,0.021477975973789587,0.11346153846153846,0.019255726165855247
2023-07-01,Recruitment and labor market,76,2747,520,0.02766654532216964,0.14615384615384616,0.029682179608692284
2023-07-01,Scheduling hours and time off,83,2747,520,0.030214779759737895,0.1596153846153846,0.033461936414491626
2023-07-01,Service work and tips,33,2747,520,0.012013105205678923,0.06346153846153846,0.01203311777665629
2023-07-01,Work arrangements and control,34,2747,520,0.012377138696760102,0.06538461538461539,0.013626371081473958
2023-07-01,Workplace authority and interpersonal conflict,38,2747,520,0.01383327266108482,0.07307692307692308,0.015797744796662037
2023-08-01,Career precarity and exit,99,3114,660,0.031791907514450865,0.15,0.030291045408069043
2023-08-01,Collective worker power and rights,20,3114,660,0.006422607578676943,0.030303030303030304,0.006178065091565556
2023-08-01,Compensation and pay rights,123,3114,660,0.0394990366088632,0.18636363636363637,0.03765589261648707
2023-08-01,Health safety and attendance,75,3114,660,0.024084778420038536,0.11363636363636363,0.02372220637604255
2023-08-01,Recruitment and labor market,89,3114,660,0.028580603725112397,0.13484848484848486,0.02760573245215359
2023-08-01,Scheduling hours and time off,114,3114,660,0.036608863198458574,0.17272727272727273,0.03354668935965647
2023-08-01,Service work and tips,37,3114,660,0.011881824020552344,0.05606060606060606,0.01166868011244746
2023-08-01,Work arrangements and control,46,3114,660,0.014771997430956968,0.0696969696969697,0.012914446342089264
2023-08-01,Workplace authority and interpersonal conflict,57,3114,660,0.018304431599229287,0.08636363636363636,0.015865547152793914
2023-09-01,Career precarity and exit,59,2070,408,0.028502415458937197,0.14460784313725492,0.02849826038784566
2023-09-01,Collective worker power and rights,10,2070,408,0.004830917874396135,0.024509803921568627,0.004705737961257272
2023-09-01,Compensation and pay rights,82,2070,408,0.03961352657004831,0.20098039215686275,0.03534374480915989
2023-09-01,Health safety and attendance,53,2070,408,0.025603864734299518,0.12990196078431374,0.023244820723076414
2023-09-01,Recruitment and labor market,55,2070,408,0.026570048309178744,0.13480392156862744,0.028883741590659092
2023-09-01,Scheduling hours and time off,70,2070,408,0.033816425120772944,0.1715686274509804,0.03359346189487939
2023-09-01,Service work and tips,23,2070,408,0.011111111111111112,0.056372549019607844,0.010528000141253227
2023-09-01,Work arrangements and control,24,2070,408,0.011594202898550725,0.058823529411764705,0.014134285180473544
2023-09-01,Workplace authority and interpersonal conflict,32,2070,408,0.015458937198067632,0.0784313725490196,0.017172745689209703
2023-10-01,Career precarity and exit,44,1746,313,0.025200458190148912,0.14057507987220447,0.024747342136344923
2023-10-01,Collective worker power and rights,5,1746,313,0.0028636884306987398,0.01597444089456869,0.0038485658158617492
2023-10-01,Compensation and pay rights,47,1746,313,0.026918671248568157,0.1501597444089457,0.03223302614493035
2023-10-01,Health safety and attendance,35,1746,313,0.02004581901489118,0.11182108626198083,0.02377454156637551
2023-10-01,Recruitment and labor market,55,1746,313,0.03150057273768614,0.1757188498402556,0.02513351039602385
2023-10-01,Scheduling hours and time off,53,1746,313,0.030355097365406643,0.16932907348242812,0.034441427478277234
2023-10-01,Service work and tips,15,1746,313,0.00859106529209622,0.04792332268370607,0.011702180324389607
2023-10-01,Work arrangements and control,28,1746,313,0.016036655211912942,0.08945686900958466,0.014772973242640647
2023-10-01,Workplace authority and interpersonal conflict,31,1746,313,0.017754868270332187,0.09904153354632587,0.015992107171537637
2023-11-01,Career precarity and exit,32,1558,286,0.02053915275994865,0.11188811188811189,0.022998474967861976
2023-11-01,Collective worker power and rights,6,1558,286,0.0038510911424903724,0.02097902097902098,0.003530249521812391
2023-11-01,Compensation and pay rights,47,1558,286,0.030166880616174584,0.16433566433566432,0.0321637455397549
2023-11-01,Health safety and attendance,40,1558,286,0.025673940949935817,0.13986013986013987,0.024068516026174033
2023-11-01,Recruitment and labor market,27,1558,286,0.017329910141206675,0.0944055944055944,0.021875449503989248
2023-11-01,Scheduling hours and time off,61,1558,286,0.03915275994865212,0.21328671328671328,0.03350520308401442
2023-11-01,Service work and tips,24,1558,286,0.01540436456996149,0.08391608391608392,0.011659114002253517
2023-11-01,Work arrangements and control,26,1558,286,0.01668806161745828,0.09090909090909091,0.014784207935371801
2023-11-01,Workplace authority and interpersonal conflict,23,1558,286,0.014762516046213094,0.08041958041958042,0.01816040286865032
2023-12-01,Career precarity and exit,36,1548,287,0.023255813953488372,0.1254355400696864,0.02442794215917538
2023-12-01,Collective worker power and rights,6,1548,287,0.003875968992248062,0.020905923344947737,0.003667866702842038
2023-12-01,Compensation and pay rights,61,1548,287,0.03940568475452196,0.21254355400696864,0.03629701501871624
2023-12-01,Health safety and attendance,41,1548,287,0.02648578811369509,0.14285714285714285,0.03136648024270441
2023-12-01,Recruitment and labor market,26,1548,287,0.016795865633074936,0.09059233449477352,0.018365210535507586
2023-12-01,Scheduling hours and time off,48,1548,287,0.031007751937984496,0.1672473867595819,0.03256114922215104
2023-12-01,Service work and tips,17,1548,287,0.010981912144702842,0.059233449477351915,0.013382581534857529
2023-12-01,Work arrangements and control,18,1548,287,0.011627906976744186,0.0627177700348432,0.015991736145642848
2023-12-01,Workplace authority and interpersonal conflict,34,1548,287,0.021963824289405683,0.11846689895470383,0.019232065389286644
2024-01-01,Career precarity and exit,45,1526,331,0.02948885976408912,0.13595166163141995,0.027299730889338267
2024-01-01,Collective worker power and rights,5,1526,331,0.00327653997378768,0.015105740181268883,0.0028700783045192027
2024-01-01,Compensation and pay rights,60,1526,331,0.039318479685452164,0.18126888217522658,0.0386320587005939
2024-01-01,Health safety and attendance,64,1526,331,0.04193971166448231,0.1933534743202417,0.031311901286603355
2024-01-01,Recruitment and labor market,32,1526,331,0.020969855832241154,0.09667673716012085,0.022063792480664157
2024-01-01,Scheduling hours and time off,42,1526,331,0.027522935779816515,0.1268882175226586,0.026312950327702377
2024-01-01,Service work and tips,21,1526,331,0.013761467889908258,0.0634441087613293,0.010920290915327119
2024-01-01,Work arrangements and control,30,1526,331,0.019659239842726082,0.09063444108761329,0.016502907054497865
2024-01-01,Workplace authority and interpersonal conflict,32,1526,331,0.020969855832241154,0.09667673716012085,0.02159985644482494
2024-02-01,Career precarity and exit,40,1372,261,0.029154518950437316,0.1532567049808429,0.02894103992185154
2024-02-01,Collective worker power and rights,2,1372,261,0.0014577259475218659,0.007662835249042145,0.0033551894274382924
2024-02-01,Compensation and pay rights,51,1372,261,0.03717201166180758,0.19540229885057472,0.03717492133509826
2024-02-01,Health safety and attendance,35,1372,261,0.025510204081632654,0.13409961685823754,0.028576222232711085
2024-02-01,Recruitment and labor market,39,1372,261,0.028425655976676383,0.14942528735632185,0.024589059914980633
2024-02-01,Scheduling hours and time off,28,1372,261,0.02040816326530612,0.10727969348659004,0.027147380819052047
2024-02-01,Service work and tips,11,1372,261,0.008017492711370262,0.0421455938697318,0.011067726648763316
2024-02-01,Work arrangements and control,25,1372,261,0.018221574344023325,0.09578544061302682,0.015673396554252848
2024-02-01,Workplace authority and interpersonal conflict,30,1372,261,0.021865889212827987,0.11494252873563218,0.022910214075698345
2024-03-01,Career precarity and exit,37,1313,251,0.02817974105102818,0.14741035856573706,0.027061448393447044
2024-03-01,Collective worker power and rights,7,1313,251,0.005331302361005331,0.027888446215139442,0.003398727778026953
2024-03-01,Compensation and pay rights,46,1313,251,0.035034272658035034,0.18326693227091634,0.03485808568753413
2024-03-01,Health safety and attendance,24,1313,251,0.01827875095201828,0.09561752988047809,0.02169455798112045
2024-03-01,Recruitment and labor market,32,1313,251,0.024371667936024372,0.12749003984063745,0.0258330659493216
2024-03-01,Scheduling hours and time off,44,1313,251,0.03351104341203351,0.1752988047808765,0.026490956456330695
2024-03-01,Service work and tips,15,1313,251,0.011424219345011425,0.05976095617529881,0.007048429856386173
2024-03-01,Work arrangements and control,12,1313,251,0.00913937547600914,0.04780876494023904,0.012243542046768344
2024-03-01,Workplace authority and interpersonal conflict,34,1313,251,0.025894897182025894,0.13545816733067728,0.024438149695502117
2024-04-01,Career precarity and exit,28,1174,197,0.02385008517887564,0.14213197969543148,0.023491364156292452
2024-04-01,Collective worker power and rights,4,1174,197,0.0034071550255536627,0.02030456852791878,0.003982051954300739
2024-04-01,Compensation and pay rights,38,1174,197,0.03236797274275979,0.19289340101522842,0.03315974338807569
2024-04-01,Health safety and attendance,25,1174,197,0.02129471890971039,0.12690355329949238,0.019071937160538805
2024-04-01,Recruitment and labor market,29,1174,197,0.024701873935264053,0.14720812182741116,0.026248250925821077
2024-04-01,Scheduling hours and time off,30,1174,197,0.02555366269165247,0.15228426395939088,0.03332095389235403
2024-04-01,Service work and tips,2,1174,197,0.0017035775127768314,0.01015228426395939,0.010256712825891997
2024-04-01,Work arrangements and control,11,1174,197,0.009369676320272573,0.05583756345177665,0.010713923440246804
2024-04-01,Workplace authority and interpersonal conflict,30,1174,197,0.02555366269165247,0.15228426395939088,0.02703992359328439
2024-05-01,Career precarity and exit,23,1247,253,0.018444266238973536,0.09090909090909091,0.022207736826083953
2024-05-01,Collective worker power and rights,4,1247,253,0.0032076984763432237,0.015810276679841896,0.004162445574457799
2024-05-01,Compensation and pay rights,40,1247,253,0.03207698476343224,0.15810276679841898,0.03294697688685148
2024-05-01,Health safety and attendance,22,1247,253,0.01764234161988773,0.08695652173913043,0.018292219281678127
2024-05-01,Recruitment and labor market,37,1247,253,0.02967121090617482,0.14624505928853754,0.026233981300613853
2024-05-01,Scheduling hours and time off,51,1247,253,0.0408981555733761,0.2015810276679842,0.03361593047313033
2024-05-01,Service work and tips,22,1247,253,0.01764234161988773,0.08695652173913043,0.008685776176212573
2024-05-01,Work arrangements and control,17,1247,253,0.0136327185244587,0.06719367588932806,0.011302811704395883
2024-05-01,Workplace authority and interpersonal conflict,37,1247,253,0.02967121090617482,0.14624505928853754,0.02316220618809008
2024-06-01,Career precarity and exit,29,1192,204,0.024328859060402684,0.14215686274509803,0.0204910120840604
2024-06-01,Collective worker power and rights,7,1192,204,0.00587248322147651,0.03431372549019608,0.004214023166118006
2024-06-01,Compensation and pay rights,41,1192,204,0.034395973154362415,0.20098039215686275,0.03106237214060059
2024-06-01,Health safety and attendance,19,1192,204,0.015939597315436243,0.09313725490196079,0.018317755246176563
2024-06-01,Recruitment and labor market,29,1192,204,0.024328859060402684,0.14215686274509803,0.025123798923261064
2024-06-01,Scheduling hours and time off,41,1192,204,0.034395973154362415,0.20098039215686275,0.0366741782609826
2024-06-01,Service work and tips,8,1192,204,0.006711409395973154,0.0392156862745098,0.011976628789199103
2024-06-01,Work arrangements and control,13,1192,204,0.010906040268456376,0.06372549019607843,0.010851002114705738
2024-06-01,Workplace authority and interpersonal conflict,17,1192,204,0.014261744966442953,0.08333333333333333,0.021174446258518775
2024-07-01,Career precarity and exit,21,1123,186,0.018699910952804988,0.11290322580645161,0.02567436809694269
2024-07-01,Collective worker power and rights,4,1123,186,0.003561887800534283,0.021505376344086023,0.005662889176049553
2024-07-01,Compensation and pay rights,30,1123,186,0.026714158504007122,0.16129032258064516,0.033590062771864444
2024-07-01,Health safety and attendance,24,1123,186,0.0213713268032057,0.12903225806451613,0.021565082984463902
2024-07-01,Recruitment and labor market,24,1123,186,0.0213713268032057,0.12903225806451613,0.025620552983809025
2024-07-01,Scheduling hours and time off,39,1123,186,0.034728406055209264,0.20967741935483872,0.03248433036919623
2024-07-01,Service work and tips,13,1123,186,0.01157613535173642,0.06989247311827956,0.010502521211150279
2024-07-01,Work arrangements and control,9,1123,186,0.008014247551202136,0.04838709677419355,0.01291677204942347
2024-07-01,Workplace authority and interpersonal conflict,22,1123,186,0.019590382902938557,0.11827956989247312,0.015690715585040926
2024-08-01,Career precarity and exit,36,1059,227,0.0339943342776204,0.15859030837004406,0.0252655184871495
2024-08-01,Collective worker power and rights,8,1059,227,0.007554296506137866,0.03524229074889868,0.00553891145389255
2024-08-01,Compensation and pay rights,42,1059,227,0.039660056657223795,0.18502202643171806,0.03055891513808541
2024-08-01,Health safety and attendance,29,1059,227,0.027384324834749764,0.1277533039647577,0.026152873978328394
2024-08-01,Recruitment and labor market,33,1059,227,0.031161473087818695,0.14537444933920704,0.02521170337401583
2024-08-01,Scheduling hours and time off,30,1059,227,0.028328611898016998,0.13215859030837004,0.030553292746418288
2024-08-01,Service work and tips,14,1059,227,0.013220018885741265,0.06167400881057269,0.013032528126830664
2024-08-01,Work arrangements and control,21,1059,227,0.019830028328611898,0.09251101321585903,0.01441527201127648
2024-08-01,Workplace authority and interpersonal conflict,14,1059,227,0.013220018885741265,0.06167400881057269,0.018637570673234308
2024-09-01,Career precarity and exit,21,909,171,0.0231023102310231,0.12280701754385964,0.026154721958721622
2024-09-01,Collective worker power and rights,5,909,171,0.005500550055005501,0.029239766081871343,0.005063866232631835
2024-09-01,Compensation and pay rights,23,909,171,0.025302530253025302,0.13450292397660818,0.03126958025213431
2024-09-01,Health safety and attendance,27,909,171,0.0297029702970297,0.15789473684210525,0.03149348584164729
2024-09-01,Recruitment and labor market,21,909,171,0.0231023102310231,0.12280701754385964,0.02663493631995581
2024-09-01,Scheduling hours and time off,26,909,171,0.028602860286028604,0.15204678362573099,0.030373168790693267
2024-09-01,Service work and tips,13,909,171,0.014301430143014302,0.07602339181286549,0.011666693835796015
2024-09-01,Work arrangements and control,14,909,171,0.015401540154015401,0.08187134502923976,0.016373485790505397
2024-09-01,Workplace authority and interpersonal conflict,21,909,171,0.0231023102310231,0.12280701754385964,0.015312571244049661
2024-10-01,Career precarity and exit,20,936,169,0.021367521367521368,0.11834319526627218,0.022353994599435555
2024-10-01,Collective worker power and rights,2,936,169,0.002136752136752137,0.011834319526627219,0.003734828039345293
2024-10-01,Compensation and pay rights,27,936,169,0.028846153846153848,0.15976331360946747,0.027165692955770773
2024-10-01,Health safety and attendance,35,936,169,0.03739316239316239,0.20710059171597633,0.030292448510682347
2024-10-01,Recruitment and labor market,24,936,169,0.02564102564102564,0.14201183431952663,0.022589435381844228
2024-10-01,Scheduling hours and time off,32,936,169,0.03418803418803419,0.1893491124260355,0.03163184393685565
2024-10-01,Service work and tips,7,936,169,0.007478632478632479,0.04142011834319527,0.008449081515975008
2024-10-01,Work arrangements and control,13,936,169,0.013888888888888888,0.07692307692307693,0.013727011821277252
2024-10-01,Workplace authority and interpersonal conflict,9,936,169,0.009615384615384616,0.05325443786982249,0.018040262134692387
2024-11-01,Career precarity and exit,19,841,139,0.022592152199762187,0.1366906474820144,0.022963473829907075
2024-11-01,Collective worker power and rights,3,841,139,0.0035671819262782403,0.02158273381294964,0.0023629918714256383
2024-11-01,Compensation and pay rights,23,841,139,0.027348394768133173,0.16546762589928057,0.025656723960995026
2024-11-01,Health safety and attendance,20,841,139,0.023781212841854936,0.14388489208633093,0.03008674927039821
2024-11-01,Recruitment and labor market,16,841,139,0.019024970273483946,0.11510791366906475,0.019967150992740493
2024-11-01,Scheduling hours and time off,27,841,139,0.03210463733650416,0.19424460431654678,0.0336395701019006
2024-11-01,Service work and tips,3,841,139,0.0035671819262782403,0.02158273381294964,0.005066979686216777
2024-11-01,Work arrangements and control,10,841,139,0.011890606420927468,0.07194244604316546,0.015518372859504805
2024-11-01,Workplace authority and interpersonal conflict,18,841,139,0.02140309155766944,0.12949640287769784,0.018188060848081732
2024-12-01,Career precarity and exit,18,722,126,0.024930747922437674,0.14285714285714285,0.0274064355219394
2024-12-01,Collective worker power and rights,1,722,126,0.0013850415512465374,0.007936507936507936,0.003716003447485542
2024-12-01,Compensation and pay rights,15,722,126,0.02077562326869806,0.11904761904761904,0.023889336041190746
2024-12-01,Health safety and attendance,21,722,126,0.029085872576177285,0.16666666666666666,0.028774778162888065
2024-12-01,Recruitment and labor market,11,722,126,0.015235457063711912,0.0873015873015873,0.01678982439533955
2024-12-01,Scheduling hours and time off,25,722,126,0.03462603878116344,0.1984126984126984,0.0329829226051044
2024-12-01,Service work and tips,3,722,126,0.004155124653739612,0.023809523809523808,0.0042263120239877765
2024-12-01,Work arrangements and control,15,722,126,0.02077562326869806,0.11904761904761904,0.018736739925455517
2024-12-01,Workplace authority and interpersonal conflict,17,722,126,0.023545706371191136,0.1349206349206349,0.021591771965547495
2025-01-01,Career precarity and exit,28,807,157,0.03469640644361834,0.17834394904458598,0.02772501168559795
2025-01-01,Collective worker power and rights,5,807,157,0.006195786864931847,0.03184713375796178,0.0025269428053927945
2025-01-01,Compensation and pay rights,19,807,157,0.023543990086741014,0.12101910828025478,0.024715642965680112
2025-01-01,Health safety and attendance,27,807,157,0.03345724907063197,0.17197452229299362,0.034453149392473834
2025-01-01,Recruitment and labor market,13,807,157,0.0161090458488228,0.08280254777070063,0.015681030013231085
2025-01-01,Scheduling hours and time off,26,807,157,0.0322180916976456,0.16560509554140126,0.0285608116771331
2025-01-01,Service work and tips,4,807,157,0.004956629491945477,0.025477707006369428,0.006700255044898694
2025-01-01,Work arrangements and control,19,807,157,0.023543990086741014,0.12101910828025478,0.018959494352388643
2025-01-01,Workplace authority and interpersonal conflict,16,807,157,0.01982651796778191,0.10191082802547771,0.020213556726282486
2025-02-01,Career precarity and exit,15,637,108,0.023547880690737835,0.1388888888888889,0.029122143567178092
2025-02-01,Collective worker power and rights,0,637,108,0.0,0.0,0.0030978934324659233
2025-02-01,Compensation and pay rights,19,637,108,0.029827315541601257,0.17592592592592593,0.026685652814171134
2025-02-01,Health safety and attendance,26,637,108,0.04081632653061224,0.24074074074074073,0.037136787800622115
2025-02-01,Recruitment and labor market,10,637,108,0.015698587127158554,0.09259259259259259,0.01590381648799067
2025-02-01,Scheduling hours and time off,12,637,108,0.018838304552590265,0.1111111111111111,0.02552819812511793
2025-02-01,Service work and tips,7,637,108,0.01098901098901099,0.06481481481481481,0.007972820240478233
2025-02-01,Work arrangements and control,8,637,108,0.012558869701726845,0.07407407407407407,0.01805142989423393
2025-02-01,Workplace authority and interpersonal conflict,11,637,108,0.01726844583987441,0.10185185185185185,0.01854748190382816
