candidate_theme,mapped_posts,candidate_clusters,first_month,last_month,peak_month,peak_share_all_posts,share_all_posts,share_mapped_posts
Compensation and pay rights,3592,4,2021-03,2025-02,2022-06,0.04962779156327544,0.03693421350278652,0.19409921106668107
Health safety and attendance,3302,6,2021-03,2025-02,2022-01,0.08527370855821126,0.03395233100952146,0.178428617745596
Career precarity and exit,2613,5,2021-03,2025-02,2021-07,0.06,0.026867789499660684,0.14119744947584567
Scheduling hours and time off,2449,4,2021-03,2025-02,2024-05,0.0408981555733761,0.025181483537952166,0.13233545877012862
Recruitment and labor market,2170,1,2021-03,2025-02,2023-06,0.03279938977879481,0.022312706932362678,0.11725926726467092
Work arrangements and control,1291,2,2021-03,2025-02,2021-07,0.02857142857142857,0.013274518271742036,0.06976115854317519
Workplace authority and interpersonal conflict,1240,2,2021-04,2025-02,2024-05,0.02967121090617482,0.012750118247064388,0.06700529557981195
Service work and tips,1235,2,2021-03,2025-02,2022-04,0.01926926926926927,0.012698706479939129,0.06673511293634497
Collective worker power and rights,614,1,2021-06,2025-01,2021-12,0.01157473563875393,0.006313365002981883,0.033178428617745594
