month,total_posts,topic,cluster_label,cluster_n,post_count,share_all_posts
2021-03-01,255,0,"Hiring and interviews
Recruitment and labor market",2170,3,0.011764705882352941
2021-04-01,294,0,"Hiring and interviews
Recruitment and labor market",2170,8,0.027210884353741496
2021-05-01,344,0,"Hiring and interviews
Recruitment and labor market",2170,6,0.01744186046511628
2021-06-01,372,0,"Hiring and interviews
Recruitment and labor market",2170,8,0.021505376344086023
2021-07-01,350,0,"Hiring and interviews
Recruitment and labor market",2170,5,0.014285714285714285
2021-08-01,422,0,"Hiring and interviews
Recruitment and labor market",2170,6,0.014218009478672985
2021-09-01,669,0,"Hiring and interviews
Recruitment and labor market",2170,9,0.013452914798206279
2021-10-01,2962,0,"Hiring and interviews
Recruitment and labor market",2170,73,0.02464550979068197
2021-11-01,5872,0,"Hiring and interviews
Recruitment and labor market",2170,140,0.023841961852861037
2021-12-01,6998,0,"Hiring and interviews
Recruitment and labor market",2170,109,0.01557587882252072
2022-01-01,6485,0,"Hiring and interviews
Recruitment and labor market",2170,112,0.017270624518118737
2022-02-01,3253,0,"Hiring and interviews
Recruitment and labor market",2170,81,0.02490009222256379
2022-03-01,4033,0,"Hiring and interviews
Recruitment and labor market",2170,125,0.030994297049342923
2022-04-01,3996,0,"Hiring and interviews
Recruitment and labor market",2170,87,0.02177177177177177
2022-05-01,2851,0,"Hiring and interviews
Recruitment and labor market",2170,70,0.024552788495264818
2022-06-01,2821,0,"Hiring and interviews
Recruitment and labor market",2170,63,0.022332506203473945
2022-07-01,3669,0,"Hiring and interviews
Recruitment and labor market",2170,78,0.02125919869174162
2022-08-01,3667,0,"Hiring and interviews
Recruitment and labor market",2170,83,0.022634305972184347
2022-09-01,2547,0,"Hiring and interviews
Recruitment and labor market",2170,64,0.02512760109933255
2022-10-01,2289,0,"Hiring and interviews
Recruitment and labor market",2170,52,0.022717343818261248
2022-11-01,2049,0,"Hiring and interviews
Recruitment and labor market",2170,36,0.017569546120058566
2022-12-01,2276,0,"Hiring and interviews
Recruitment and labor market",2170,35,0.015377855887521968
2023-01-01,2242,0,"Hiring and interviews
Recruitment and labor market",2170,44,0.019625334522747548
2023-02-01,1970,0,"Hiring and interviews
Recruitment and labor market",2170,43,0.02182741116751269
2023-03-01,2059,0,"Hiring and interviews
Recruitment and labor market",2170,45,0.021855269548324428
2023-04-01,1626,0,"Hiring and interviews
Recruitment and labor market",2170,32,0.01968019680196802
2023-05-01,1931,0,"Hiring and interviews
Recruitment and labor market",2170,32,0.016571724495080268
2023-06-01,1311,0,"Hiring and interviews
Recruitment and labor market",2170,43,0.03279938977879481
2023-07-01,2747,0,"Hiring and interviews
Recruitment and labor market",2170,76,0.02766654532216964
2023-08-01,3114,0,"Hiring and interviews
Recruitment and labor market",2170,89,0.028580603725112397
2023-09-01,2070,0,"Hiring and interviews
Recruitment and labor market",2170,55,0.026570048309178744
2023-10-01,1746,0,"Hiring and interviews
Recruitment and labor market",2170,55,0.03150057273768614
2023-11-01,1558,0,"Hiring and interviews
Recruitment and labor market",2170,27,0.017329910141206675
2023-12-01,1548,0,"Hiring and interviews
Recruitment and labor market",2170,26,0.016795865633074936
2024-01-01,1526,0,"Hiring and interviews
Recruitment and labor market",2170,32,0.020969855832241154
2024-02-01,1372,0,"Hiring and interviews
Recruitment and labor market",2170,39,0.028425655976676383
2024-03-01,1313,0,"Hiring and interviews
Recruitment and labor market",2170,32,0.024371667936024372
2024-04-01,1174,0,"Hiring and interviews
Recruitment and labor market",2170,29,0.024701873935264053
2024-05-01,1247,0,"Hiring and interviews
Recruitment and labor market",2170,37,0.02967121090617482
2024-06-01,1192,0,"Hiring and interviews
Recruitment and labor market",2170,29,0.024328859060402684
2024-07-01,1123,0,"Hiring and interviews
Recruitment and labor market",2170,24,0.0213713268032057
2024-08-01,1059,0,"Hiring and interviews
Recruitment and labor market",2170,33,0.031161473087818695
2024-09-01,909,0,"Hiring and interviews
Recruitment and labor market",2170,21,0.0231023102310231
2024-10-01,936,0,"Hiring and interviews
Recruitment and labor market",2170,24,0.02564102564102564
2024-11-01,841,0,"Hiring and interviews
Recruitment and labor market",2170,16,0.019024970273483946
2024-12-01,722,0,"Hiring and interviews
Recruitment and labor market",2170,11,0.015235457063711912
2025-01-01,807,0,"Hiring and interviews
Recruitment and labor market",2170,13,0.0161090458488228
2025-02-01,637,0,"Hiring and interviews
Recruitment and labor market",2170,10,0.015698587127158554
2021-03-01,255,2,"Raises and salary
Compensation and pay rights",1737,7,0.027450980392156862
2021-04-01,294,2,"Raises and salary
Compensation and pay rights",1737,1,0.003401360544217687
2021-05-01,344,2,"Raises and salary
Compensation and pay rights",1737,4,0.011627906976744186
2021-06-01,372,2,"Raises and salary
Compensation and pay rights",1737,3,0.008064516129032258
2021-07-01,350,2,"Raises and salary
Compensation and pay rights",1737,5,0.014285714285714285
2021-08-01,422,2,"Raises and salary
Compensation and pay rights",1737,2,0.004739336492890996
2021-09-01,669,2,"Raises and salary
Compensation and pay rights",1737,10,0.014947683109118086
2021-10-01,2962,2,"Raises and salary
Compensation and pay rights",1737,51,0.017218095881161376
2021-11-01,5872,2,"Raises and salary
Compensation and pay rights",1737,93,0.015837874659400546
2021-12-01,6998,2,"Raises and salary
Compensation and pay rights",1737,147,0.02100600171477565
2022-01-01,6485,2,"Raises and salary
Compensation and pay rights",1737,172,0.026522744795682344
2022-02-01,3253,2,"Raises and salary
Compensation and pay rights",1737,84,0.02582231786043652
2022-03-01,4033,2,"Raises and salary
Compensation and pay rights",1737,96,0.023803620133895365
2022-04-01,3996,2,"Raises and salary
Compensation and pay rights",1737,96,0.024024024024024024
2022-05-01,2851,2,"Raises and salary
Compensation and pay rights",1737,60,0.02104524728165556
2022-06-01,2821,2,"Raises and salary
Compensation and pay rights",1737,70,0.02481389578163772
2022-07-01,3669,2,"Raises and salary
Compensation and pay rights",1737,82,0.022349414009266832
2022-08-01,3667,2,"Raises and salary
Compensation and pay rights",1737,61,0.01663485137714753
2022-09-01,2547,2,"Raises and salary
Compensation and pay rights",1737,48,0.01884570082449941
2022-10-01,2289,2,"Raises and salary
Compensation and pay rights",1737,38,0.016601135867190912
2022-11-01,2049,2,"Raises and salary
Compensation and pay rights",1737,37,0.01805758906783797
2022-12-01,2276,2,"Raises and salary
Compensation and pay rights",1737,28,0.012302284710017574
2023-01-01,2242,2,"Raises and salary
Compensation and pay rights",1737,38,0.01694915254237288
2023-02-01,1970,2,"Raises and salary
Compensation and pay rights",1737,26,0.013197969543147208
2023-03-01,2059,2,"Raises and salary
Compensation and pay rights",1737,38,0.018455560951918408
2023-04-01,1626,2,"Raises and salary
Compensation and pay rights",1737,24,0.014760147601476014
2023-05-01,1931,2,"Raises and salary
Compensation and pay rights",1737,38,0.01967892283790782
2023-06-01,1311,2,"Raises and salary
Compensation and pay rights",1737,33,0.02517162471395881
2023-07-01,2747,2,"Raises and salary
Compensation and pay rights",1737,41,0.014925373134328358
2023-08-01,3114,2,"Raises and salary
Compensation and pay rights",1737,51,0.016377649325626204
2023-09-01,2070,2,"Raises and salary
Compensation and pay rights",1737,31,0.01497584541062802
2023-10-01,1746,2,"Raises and salary
Compensation and pay rights",1737,17,0.009736540664375716
2023-11-01,1558,2,"Raises and salary
Compensation and pay rights",1737,7,0.004492939666238768
2023-12-01,1548,2,"Raises and salary
Compensation and pay rights",1737,21,0.013565891472868217
2024-01-01,1526,2,"Raises and salary
Compensation and pay rights",1737,26,0.01703800786369594
2024-02-01,1372,2,"Raises and salary
Compensation and pay rights",1737,21,0.015306122448979591
2024-03-01,1313,2,"Raises and salary
Compensation and pay rights",1737,24,0.01827875095201828
2024-04-01,1174,2,"Raises and salary
Compensation and pay rights",1737,16,0.013628620102214651
2024-05-01,1247,2,"Raises and salary
Compensation and pay rights",1737,13,0.010425020048115477
2024-06-01,1192,2,"Raises and salary
Compensation and pay rights",1737,17,0.014261744966442953
2024-07-01,1123,2,"Raises and salary
Compensation and pay rights",1737,11,0.009795191451469279
2024-08-01,1059,2,"Raises and salary
Compensation and pay rights",1737,14,0.013220018885741265
2024-09-01,909,2,"Raises and salary
Compensation and pay rights",1737,5,0.005500550055005501
2024-10-01,936,2,"Raises and salary
Compensation and pay rights",1737,8,0.008547008547008548
2024-11-01,841,2,"Raises and salary
Compensation and pay rights",1737,5,0.005945303210463734
2024-12-01,722,2,"Raises and salary
Compensation and pay rights",1737,5,0.006925207756232687
2025-01-01,807,2,"Raises and salary
Compensation and pay rights",1737,5,0.006195786864931847
2025-02-01,637,2,"Raises and salary
Compensation and pay rights",1737,7,0.01098901098901099
2021-03-01,255,4,"COVID and workplace illness
Health safety and attendance",1329,6,0.023529411764705882
2021-04-01,294,4,"COVID and workplace illness
Health safety and attendance",1329,4,0.013605442176870748
2021-05-01,344,4,"COVID and workplace illness
Health safety and attendance",1329,5,0.014534883720930232
2021-06-01,372,4,"COVID and workplace illness
Health safety and attendance",1329,6,0.016129032258064516
2021-07-01,350,4,"COVID and workplace illness
Health safety and attendance",1329,4,0.011428571428571429
2021-08-01,422,4,"COVID and workplace illness
Health safety and attendance",1329,8,0.018957345971563982
2021-09-01,669,4,"COVID and workplace illness
Health safety and attendance",1329,9,0.013452914798206279
2021-10-01,2962,4,"COVID and workplace illness
Health safety and attendance",1329,34,0.011478730587440918
2021-11-01,5872,4,"COVID and workplace illness
Health safety and attendance",1329,74,0.012602179836512262
2021-12-01,6998,4,"COVID and workplace illness
Health safety and attendance",1329,232,0.033152329236924835
2022-01-01,6485,4,"COVID and workplace illness
Health safety and attendance",1329,391,0.060292983808789516
2022-02-01,3253,4,"COVID and workplace illness
Health safety and attendance",1329,47,0.014448201660006148
2022-03-01,4033,4,"COVID and workplace illness
Health safety and attendance",1329,38,0.009422266303000248
2022-04-01,3996,4,"COVID and workplace illness
Health safety and attendance",1329,49,0.012262262262262262
2022-05-01,2851,4,"COVID and workplace illness
Health safety and attendance",1329,32,0.011224131883549631
2022-06-01,2821,4,"COVID and workplace illness
Health safety and attendance",1329,48,0.017015242821694435
2022-07-01,3669,4,"COVID and workplace illness
Health safety and attendance",1329,56,0.015263014445352958
2022-08-01,3667,4,"COVID and workplace illness
Health safety and attendance",1329,51,0.013907826561221708
2022-09-01,2547,4,"COVID and workplace illness
Health safety and attendance",1329,22,0.008637612877895563
2022-10-01,2289,4,"COVID and workplace illness
Health safety and attendance",1329,12,0.005242463958060288
2022-11-01,2049,4,"COVID and workplace illness
Health safety and attendance",1329,13,0.00634455832113226
2022-12-01,2276,4,"COVID and workplace illness
Health safety and attendance",1329,27,0.011862917398945518
2023-01-01,2242,4,"COVID and workplace illness
Health safety and attendance",1329,10,0.0044603033006244425
2023-02-01,1970,4,"COVID and workplace illness
Health safety and attendance",1329,14,0.007106598984771574
2023-03-01,2059,4,"COVID and workplace illness
Health safety and attendance",1329,12,0.005828071879553181
2023-04-01,1626,4,"COVID and workplace illness
Health safety and attendance",1329,8,0.004920049200492005
2023-05-01,1931,4,"COVID and workplace illness
Health safety and attendance",1329,6,0.0031071983428275505
2023-06-01,1311,4,"COVID and workplace illness
Health safety and attendance",1329,2,0.0015255530129672007
2023-07-01,2747,4,"COVID and workplace illness
Health safety and attendance",1329,7,0.0025482344375682563
2023-08-01,3114,4,"COVID and workplace illness
Health safety and attendance",1329,17,0.005459216441875401
2023-09-01,2070,4,"COVID and workplace illness
Health safety and attendance",1329,17,0.00821256038647343
2023-10-01,1746,4,"COVID and workplace illness
Health safety and attendance",1329,7,0.004009163802978236
2023-11-01,1558,4,"COVID and workplace illness
Health safety and attendance",1329,5,0.003209242618741977
2023-12-01,1548,4,"COVID and workplace illness
Health safety and attendance",1329,10,0.006459948320413436
2024-01-01,1526,4,"COVID and workplace illness
Health safety and attendance",1329,5,0.00327653997378768
2024-02-01,1372,4,"COVID and workplace illness
Health safety and attendance",1329,4,0.0029154518950437317
2024-03-01,1313,4,"COVID and workplace illness
Health safety and attendance",1329,6,0.00456968773800457
2024-04-01,1174,4,"COVID and workplace illness
Health safety and attendance",1329,2,0.0017035775127768314
2024-05-01,1247,4,"COVID and workplace illness
Health safety and attendance",1329,3,0.0024057738572574178
2024-06-01,1192,4,"COVID and workplace illness
Health safety and attendance",1329,1,0.0008389261744966443
2024-07-01,1123,4,"COVID and workplace illness
Health safety and attendance",1329,6,0.005342831700801425
2024-08-01,1059,4,"COVID and workplace illness
Health safety and attendance",1329,5,0.004721435316336166
2024-09-01,909,4,"COVID and workplace illness
Health safety and attendance",1329,2,0.0022002200220022
2024-10-01,936,4,"COVID and workplace illness
Health safety and attendance",1329,1,0.0010683760683760685
2024-11-01,841,4,"COVID and workplace illness
Health safety and attendance",1329,3,0.0035671819262782403
2024-12-01,722,4,"COVID and workplace illness
Health safety and attendance",1329,3,0.004155124653739612
2025-01-01,807,4,"COVID and workplace illness
Health safety and attendance",1329,4,0.004956629491945477
2025-02-01,637,4,"COVID and workplace illness
Health safety and attendance",1329,1,0.0015698587127158557
2021-03-01,255,5,"Payroll and withheld wages
Compensation and pay rights",1130,0,0.0
2021-04-01,294,5,"Payroll and withheld wages
Compensation and pay rights",1130,0,0.0
2021-05-01,344,5,"Payroll and withheld wages
Compensation and pay rights",1130,0,0.0
2021-06-01,372,5,"Payroll and withheld wages
Compensation and pay rights",1130,0,0.0
2021-07-01,350,5,"Payroll and withheld wages
Compensation and pay rights",1130,0,0.0
2021-08-01,422,5,"Payroll and withheld wages
Compensation and pay rights",1130,3,0.0071090047393364926
2021-09-01,669,5,"Payroll and withheld wages
Compensation and pay rights",1130,6,0.008968609865470852
2021-10-01,2962,5,"Payroll and withheld wages
Compensation and pay rights",1130,12,0.004051316677920324
2021-11-01,5872,5,"Payroll and withheld wages
Compensation and pay rights",1130,46,0.007833787465940054
2021-12-01,6998,5,"Payroll and withheld wages
Compensation and pay rights",1130,64,0.009145470134324093
2022-01-01,6485,5,"Payroll and withheld wages
Compensation and pay rights",1130,63,0.009714726291441789
2022-02-01,3253,5,"Payroll and withheld wages
Compensation and pay rights",1130,36,0.011066707654472794
2022-03-01,4033,5,"Payroll and withheld wages
Compensation and pay rights",1130,50,0.012397718819737169
2022-04-01,3996,5,"Payroll and withheld wages
Compensation and pay rights",1130,54,0.013513513513513514
2022-05-01,2851,5,"Payroll and withheld wages
Compensation and pay rights",1130,30,0.01052262364082778
2022-06-01,2821,5,"Payroll and withheld wages
Compensation and pay rights",1130,44,0.015597305919886565
2022-07-01,3669,5,"Payroll and withheld wages
Compensation and pay rights",1130,34,0.009266830198964295
2022-08-01,3667,5,"Payroll and withheld wages
Compensation and pay rights",1130,51,0.013907826561221708
2022-09-01,2547,5,"Payroll and withheld wages
Compensation and pay rights",1130,30,0.011778563015312132
2022-10-01,2289,5,"Payroll and withheld wages
Compensation and pay rights",1130,24,0.010484927916120577
2022-11-01,2049,5,"Payroll and withheld wages
Compensation and pay rights",1130,26,0.01268911664226452
2022-12-01,2276,5,"Payroll and withheld wages
Compensation and pay rights",1130,30,0.013181019332161687
2023-01-01,2242,5,"Payroll and withheld wages
Compensation and pay rights",1130,25,0.011150758251561105
2023-02-01,1970,5,"Payroll and withheld wages
Compensation and pay rights",1130,38,0.019289340101522844
2023-03-01,2059,5,"Payroll and withheld wages
Compensation and pay rights",1130,25,0.012141816415735794
2023-04-01,1626,5,"Payroll and withheld wages
Compensation and pay rights",1130,34,0.020910209102091022
2023-05-01,1931,5,"Payroll and withheld wages
Compensation and pay rights",1130,26,0.013464526152252718
2023-06-01,1311,5,"Payroll and withheld wages
Compensation and pay rights",1130,14,0.010678871090770405
2023-07-01,2747,5,"Payroll and withheld wages
Compensation and pay rights",1130,30,0.010921004732435385
2023-08-01,3114,5,"Payroll and withheld wages
Compensation and pay rights",1130,38,0.012202954399486191
2023-09-01,2070,5,"Payroll and withheld wages
Compensation and pay rights",1130,37,0.017874396135265702
2023-10-01,1746,5,"Payroll and withheld wages
Compensation and pay rights",1130,17,0.009736540664375716
2023-11-01,1558,5,"Payroll and withheld wages
Compensation and pay rights",1130,23,0.014762516046213094
2023-12-01,1548,5,"Payroll and withheld wages
Compensation and pay rights",1130,28,0.01808785529715762
2024-01-01,1526,5,"Payroll and withheld wages
Compensation and pay rights",1130,23,0.01507208387942333
2024-02-01,1372,5,"Payroll and withheld wages
Compensation and pay rights",1130,18,0.013119533527696793
2024-03-01,1313,5,"Payroll and withheld wages
Compensation and pay rights",1130,14,0.010662604722010662
2024-04-01,1174,5,"Payroll and withheld wages
Compensation and pay rights",1130,13,0.011073253833049404
2024-05-01,1247,5,"Payroll and withheld wages
Compensation and pay rights",1130,20,0.01603849238171612
2024-06-01,1192,5,"Payroll and withheld wages
Compensation and pay rights",1130,16,0.013422818791946308
2024-07-01,1123,5,"Payroll and withheld wages
Compensation and pay rights",1130,12,0.01068566340160285
2024-08-01,1059,5,"Payroll and withheld wages
Compensation and pay rights",1130,18,0.0169971671388102
2024-09-01,909,5,"Payroll and withheld wages
Compensation and pay rights",1130,11,0.0121012101210121
2024-10-01,936,5,"Payroll and withheld wages
Compensation and pay rights",1130,8,0.008547008547008548
2024-11-01,841,5,"Payroll and withheld wages
Compensation and pay rights",1130,14,0.016646848989298454
2024-12-01,722,5,"Payroll and withheld wages
Compensation and pay rights",1130,4,0.00554016620498615
2025-01-01,807,5,"Payroll and withheld wages
Compensation and pay rights",1130,11,0.013630731102850062
2025-02-01,637,5,"Payroll and withheld wages
Compensation and pay rights",1130,10,0.015698587127158554
2021-03-01,255,6,"Remote hybrid and return-to-office
Work arrangements and control",963,4,0.01568627450980392
2021-04-01,294,6,"Remote hybrid and return-to-office
Work arrangements and control",963,3,0.01020408163265306
2021-05-01,344,6,"Remote hybrid and return-to-office
Work arrangements and control",963,2,0.005813953488372093
2021-06-01,372,6,"Remote hybrid and return-to-office
Work arrangements and control",963,5,0.013440860215053764
2021-07-01,350,6,"Remote hybrid and return-to-office
Work arrangements and control",963,9,0.025714285714285714
2021-08-01,422,6,"Remote hybrid and return-to-office
Work arrangements and control",963,11,0.026066350710900472
2021-09-01,669,6,"Remote hybrid and return-to-office
Work arrangements and control",963,12,0.017937219730941704
2021-10-01,2962,6,"Remote hybrid and return-to-office
Work arrangements and control",963,12,0.004051316677920324
2021-11-01,5872,6,"Remote hybrid and return-to-office
Work arrangements and control",963,34,0.0057901907356948225
2021-12-01,6998,6,"Remote hybrid and return-to-office
Work arrangements and control",963,39,0.005573020863103744
2022-01-01,6485,6,"Remote hybrid and return-to-office
Work arrangements and control",963,48,0.0074016962220508865
2022-02-01,3253,6,"Remote hybrid and return-to-office
Work arrangements and control",963,24,0.007377805102981863
2022-03-01,4033,6,"Remote hybrid and return-to-office
Work arrangements and control",963,62,0.01537317133647409
2022-04-01,3996,6,"Remote hybrid and return-to-office
Work arrangements and control",963,53,0.013263263263263263
2022-05-01,2851,6,"Remote hybrid and return-to-office
Work arrangements and control",963,32,0.011224131883549631
2022-06-01,2821,6,"Remote hybrid and return-to-office
Work arrangements and control",963,36,0.012761432116270826
2022-07-01,3669,6,"Remote hybrid and return-to-office
Work arrangements and control",963,37,0.010084491687108205
2022-08-01,3667,6,"Remote hybrid and return-to-office
Work arrangements and control",963,29,0.007908371966184892
2022-09-01,2547,6,"Remote hybrid and return-to-office
Work arrangements and control",963,39,0.015312131919905771
2022-10-01,2289,6,"Remote hybrid and return-to-office
Work arrangements and control",963,25,0.010921799912625601
2022-11-01,2049,6,"Remote hybrid and return-to-office
Work arrangements and control",963,19,0.009272816007808687
2022-12-01,2276,6,"Remote hybrid and return-to-office
Work arrangements and control",963,17,0.007469244288224956
2023-01-01,2242,6,"Remote hybrid and return-to-office
Work arrangements and control",963,15,0.006690454950936664
2023-02-01,1970,6,"Remote hybrid and return-to-office
Work arrangements and control",963,24,0.012182741116751269
2023-03-01,2059,6,"Remote hybrid and return-to-office
Work arrangements and control",963,18,0.008742107819329771
2023-04-01,1626,6,"Remote hybrid and return-to-office
Work arrangements and control",963,20,0.012300123001230012
2023-05-01,1931,6,"Remote hybrid and return-to-office
Work arrangements and control",963,26,0.013464526152252718
2023-06-01,1311,6,"Remote hybrid and return-to-office
Work arrangements and control",963,13,0.009916094584286803
2023-07-01,2747,6,"Remote hybrid and return-to-office
Work arrangements and control",963,27,0.009828904259191846
2023-08-01,3114,6,"Remote hybrid and return-to-office
Work arrangements and control",963,34,0.010918432883750802
2023-09-01,2070,6,"Remote hybrid and return-to-office
Work arrangements and control",963,18,0.008695652173913044
2023-10-01,1746,6,"Remote hybrid and return-to-office
Work arrangements and control",963,23,0.013172966781214204
2023-11-01,1558,6,"Remote hybrid and return-to-office
Work arrangements and control",963,21,0.013478818998716302
2023-12-01,1548,6,"Remote hybrid and return-to-office
Work arrangements and control",963,12,0.007751937984496124
2024-01-01,1526,6,"Remote hybrid and return-to-office
Work arrangements and control",963,23,0.01507208387942333
2024-02-01,1372,6,"Remote hybrid and return-to-office
Work arrangements and control",963,20,0.014577259475218658
2024-03-01,1313,6,"Remote hybrid and return-to-office
Work arrangements and control",963,5,0.003808073115003808
2024-04-01,1174,6,"Remote hybrid and return-to-office
Work arrangements and control",963,7,0.00596252129471891
2024-05-01,1247,6,"Remote hybrid and return-to-office
Work arrangements and control",963,12,0.009623095429029671
2024-06-01,1192,6,"Remote hybrid and return-to-office
Work arrangements and control",963,7,0.00587248322147651
2024-07-01,1123,6,"Remote hybrid and return-to-office
Work arrangements and control",963,6,0.005342831700801425
2024-08-01,1059,6,"Remote hybrid and return-to-office
Work arrangements and control",963,17,0.016052880075542966
2024-09-01,909,6,"Remote hybrid and return-to-office
Work arrangements and control",963,9,0.009900990099009901
2024-10-01,936,6,"Remote hybrid and return-to-office
Work arrangements and control",963,12,0.01282051282051282
2024-11-01,841,6,"Remote hybrid and return-to-office
Work arrangements and control",963,6,0.007134363852556481
2024-12-01,722,6,"Remote hybrid and return-to-office
Work arrangements and control",963,13,0.018005540166204988
2025-01-01,807,6,"Remote hybrid and return-to-office
Work arrangements and control",963,17,0.021065675340768277
2025-02-01,637,6,"Remote hybrid and return-to-office
Work arrangements and control",963,6,0.009419152276295133
2021-03-01,255,7,"Interpersonal mistreatment and role overload
Workplace authority and interpersonal conflict",767,0,0.0
2021-04-01,294,7,"Interpersonal mistreatment and role overload
Workplace authority and interpersonal conflict",767,0,0.0
2021-05-01,344,7,"Interpersonal mistreatment and role overload
Workplace authority and interpersonal conflict",767,0,0.0
2021-06-01,372,7,"Interpersonal mistreatment and role overload
Workplace authority and interpersonal conflict",767,1,0.002688172043010753
2021-07-01,350,7,"Interpersonal mistreatment and role overload
Workplace authority and interpersonal conflict",767,2,0.005714285714285714
2021-08-01,422,7,"Interpersonal mistreatment and role overload
Workplace authority and interpersonal conflict",767,0,0.0
2021-09-01,669,7,"Interpersonal mistreatment and role overload
Workplace authority and interpersonal conflict",767,3,0.004484304932735426
2021-10-01,2962,7,"Interpersonal mistreatment and role overload
Workplace authority and interpersonal conflict",767,9,0.003038487508440243
2021-11-01,5872,7,"Interpersonal mistreatment and role overload
Workplace authority and interpersonal conflict",767,24,0.004087193460490463
2021-12-01,6998,7,"Interpersonal mistreatment and role overload
Workplace authority and interpersonal conflict",767,26,0.003715347242069163
2022-01-01,6485,7,"Interpersonal mistreatment and role overload
Workplace authority and interpersonal conflict",767,28,0.004317656129529684
2022-02-01,3253,7,"Interpersonal mistreatment and role overload
Workplace authority and interpersonal conflict",767,12,0.0036889025514909315
2022-03-01,4033,7,"Interpersonal mistreatment and role overload
Workplace authority and interpersonal conflict",767,24,0.005950905033473841
2022-04-01,3996,7,"Interpersonal mistreatment and role overload
Workplace authority and interpersonal conflict",767,22,0.0055055055055055055
2022-05-01,2851,7,"Interpersonal mistreatment and role overload
Workplace authority and interpersonal conflict",767,20,0.00701508242721852
2022-06-01,2821,7,"Interpersonal mistreatment and role overload
Workplace authority and interpersonal conflict",767,20,0.007089684509039348
2022-07-01,3669,7,"Interpersonal mistreatment and role overload
Workplace authority and interpersonal conflict",767,18,0.004905968928863451
2022-08-01,3667,7,"Interpersonal mistreatment and role overload
Workplace authority and interpersonal conflict",767,23,0.006272157076629398
2022-09-01,2547,7,"Interpersonal mistreatment and role overload
Workplace authority and interpersonal conflict",767,17,0.006674519042010208
2022-10-01,2289,7,"Interpersonal mistreatment and role overload
Workplace authority and interpersonal conflict",767,17,0.007426823940585408
2022-11-01,2049,7,"Interpersonal mistreatment and role overload
Workplace authority and interpersonal conflict",767,10,0.004880429477794046
2022-12-01,2276,7,"Interpersonal mistreatment and role overload
Workplace authority and interpersonal conflict",767,16,0.007029876977152899
2023-01-01,2242,7,"Interpersonal mistreatment and role overload
Workplace authority and interpersonal conflict",767,17,0.007582515611061552
2023-02-01,1970,7,"Interpersonal mistreatment and role overload
Workplace authority and interpersonal conflict",767,19,0.009644670050761422
2023-03-01,2059,7,"Interpersonal mistreatment and role overload
Workplace authority and interpersonal conflict",767,20,0.009713453132588635
2023-04-01,1626,7,"Interpersonal mistreatment and role overload
Workplace authority and interpersonal conflict",767,16,0.00984009840098401
2023-05-01,1931,7,"Interpersonal mistreatment and role overload
Workplace authority and interpersonal conflict",767,21,0.010875194199896427
2023-06-01,1311,7,"Interpersonal mistreatment and role overload
Workplace authority and interpersonal conflict",767,14,0.010678871090770405
2023-07-01,2747,7,"Interpersonal mistreatment and role overload
Workplace authority and interpersonal conflict",767,25,0.009100837277029487
2023-08-01,3114,7,"Interpersonal mistreatment and role overload
Workplace authority and interpersonal conflict",767,42,0.01348747591522158
2023-09-01,2070,7,"Interpersonal mistreatment and role overload
Workplace authority and interpersonal conflict",767,24,0.011594202898550725
2023-10-01,1746,7,"Interpersonal mistreatment and role overload
Workplace authority and interpersonal conflict",767,21,0.012027491408934709
2023-11-01,1558,7,"Interpersonal mistreatment and role overload
Workplace authority and interpersonal conflict",767,19,0.012195121951219513
2023-12-01,1548,7,"Interpersonal mistreatment and role overload
Workplace authority and interpersonal conflict",767,21,0.013565891472868217
2024-01-01,1526,7,"Interpersonal mistreatment and role overload
Workplace authority and interpersonal conflict",767,20,0.01310615989515072
2024-02-01,1372,7,"Interpersonal mistreatment and role overload
Workplace authority and interpersonal conflict",767,19,0.013848396501457727
2024-03-01,1313,7,"Interpersonal mistreatment and role overload
Workplace authority and interpersonal conflict",767,21,0.015993907083015995
2024-04-01,1174,7,"Interpersonal mistreatment and role overload
Workplace authority and interpersonal conflict",767,20,0.017035775127768313
2024-05-01,1247,7,"Interpersonal mistreatment and role overload
Workplace authority and interpersonal conflict",767,29,0.023255813953488372
2024-06-01,1192,7,"Interpersonal mistreatment and role overload
Workplace authority and interpersonal conflict",767,13,0.010906040268456376
2024-07-01,1123,7,"Interpersonal mistreatment and role overload
Workplace authority and interpersonal conflict",767,16,0.014247551202137132
2024-08-01,1059,7,"Interpersonal mistreatment and role overload
Workplace authority and interpersonal conflict",767,10,0.009442870632672332
2024-09-01,909,7,"Interpersonal mistreatment and role overload
Workplace authority and interpersonal conflict",767,18,0.019801980198019802
2024-10-01,936,7,"Interpersonal mistreatment and role overload
Workplace authority and interpersonal conflict",767,5,0.005341880341880342
2024-11-01,841,7,"Interpersonal mistreatment and role overload
Workplace authority and interpersonal conflict",767,14,0.016646848989298454
2024-12-01,722,7,"Interpersonal mistreatment and role overload
Workplace authority and interpersonal conflict",767,13,0.018005540166204988
2025-01-01,807,7,"Interpersonal mistreatment and role overload
Workplace authority and interpersonal conflict",767,8,0.009913258983890954
2025-02-01,637,7,"Interpersonal mistreatment and role overload
Workplace authority and interpersonal conflict",767,10,0.015698587127158554
2021-03-01,255,8,"Economic strain and career pressure
Career precarity and exit",689,6,0.023529411764705882
2021-04-01,294,8,"Economic strain and career pressure
Career precarity and exit",689,9,0.030612244897959183
2021-05-01,344,8,"Economic strain and career pressure
Career precarity and exit",689,7,0.020348837209302327
2021-06-01,372,8,"Economic strain and career pressure
Career precarity and exit",689,10,0.026881720430107527
2021-07-01,350,8,"Economic strain and career pressure
Career precarity and exit",689,11,0.03142857142857143
2021-08-01,422,8,"Economic strain and career pressure
Career precarity and exit",689,11,0.026066350710900472
2021-09-01,669,8,"Economic strain and career pressure
Career precarity and exit",689,10,0.014947683109118086
2021-10-01,2962,8,"Economic strain and career pressure
Career precarity and exit",689,24,0.008102633355840648
2021-11-01,5872,8,"Economic strain and career pressure
Career precarity and exit",689,44,0.007493188010899182
2021-12-01,6998,8,"Economic strain and career pressure
Career precarity and exit",689,58,0.008288082309231209
2022-01-01,6485,8,"Economic strain and career pressure
Career precarity and exit",689,47,0.0072474942174248266
2022-02-01,3253,8,"Economic strain and career pressure
Career precarity and exit",689,19,0.005840762373193975
2022-03-01,4033,8,"Economic strain and career pressure
Career precarity and exit",689,22,0.005454996280684354
2022-04-01,3996,8,"Economic strain and career pressure
Career precarity and exit",689,27,0.006756756756756757
2022-05-01,2851,8,"Economic strain and career pressure
Career precarity and exit",689,20,0.00701508242721852
2022-06-01,2821,8,"Economic strain and career pressure
Career precarity and exit",689,22,0.0077986529599432825
2022-07-01,3669,8,"Economic strain and career pressure
Career precarity and exit",689,20,0.005451076587626056
2022-08-01,3667,8,"Economic strain and career pressure
Career precarity and exit",689,24,0.00654485955822198
2022-09-01,2547,8,"Economic strain and career pressure
Career precarity and exit",689,14,0.005496662740478995
2022-10-01,2289,8,"Economic strain and career pressure
Career precarity and exit",689,5,0.00218435998252512
2022-11-01,2049,8,"Economic strain and career pressure
Career precarity and exit",689,6,0.0029282576866764276
2022-12-01,2276,8,"Economic strain and career pressure
Career precarity and exit",689,12,0.005272407732864675
2023-01-01,2242,8,"Economic strain and career pressure
Career precarity and exit",689,16,0.007136485280999108
2023-02-01,1970,8,"Economic strain and career pressure
Career precarity and exit",689,13,0.006598984771573604
2023-03-01,2059,8,"Economic strain and career pressure
Career precarity and exit",689,12,0.005828071879553181
2023-04-01,1626,8,"Economic strain and career pressure
Career precarity and exit",689,12,0.007380073800738007
2023-05-01,1931,8,"Economic strain and career pressure
Career precarity and exit",689,10,0.005178663904712584
2023-06-01,1311,8,"Economic strain and career pressure
Career precarity and exit",689,5,0.0038138825324180014
2023-07-01,2747,8,"Economic strain and career pressure
Career precarity and exit",689,19,0.00691663633054241
2023-08-01,3114,8,"Economic strain and career pressure
Career precarity and exit",689,24,0.007707129094412331
2023-09-01,2070,8,"Economic strain and career pressure
Career precarity and exit",689,20,0.00966183574879227
2023-10-01,1746,8,"Economic strain and career pressure
Career precarity and exit",689,13,0.0074455899198167235
2023-11-01,1558,8,"Economic strain and career pressure
Career precarity and exit",689,9,0.005776636713735558
2023-12-01,1548,8,"Economic strain and career pressure
Career precarity and exit",689,9,0.005813953488372093
2024-01-01,1526,8,"Economic strain and career pressure
Career precarity and exit",689,14,0.009174311926605505
2024-02-01,1372,8,"Economic strain and career pressure
Career precarity and exit",689,9,0.006559766763848397
2024-03-01,1313,8,"Economic strain and career pressure
Career precarity and exit",689,12,0.00913937547600914
2024-04-01,1174,8,"Economic strain and career pressure
Career precarity and exit",689,8,0.0068143100511073255
2024-05-01,1247,8,"Economic strain and career pressure
Career precarity and exit",689,5,0.00400962309542903
2024-06-01,1192,8,"Economic strain and career pressure
Career precarity and exit",689,7,0.00587248322147651
2024-07-01,1123,8,"Economic strain and career pressure
Career precarity and exit",689,7,0.006233303650934996
2024-08-01,1059,8,"Economic strain and career pressure
Career precarity and exit",689,7,0.0066100094428706326
2024-09-01,909,8,"Economic strain and career pressure
Career precarity and exit",689,4,0.0044004400440044
2024-10-01,936,8,"Economic strain and career pressure
Career precarity and exit",689,5,0.005341880341880342
2024-11-01,841,8,"Economic strain and career pressure
Career precarity and exit",689,5,0.005945303210463734
2024-12-01,722,8,"Economic strain and career pressure
Career precarity and exit",689,4,0.00554016620498615
2025-01-01,807,8,"Economic strain and career pressure
Career precarity and exit",689,8,0.009913258983890954
2025-02-01,637,8,"Economic strain and career pressure
Career precarity and exit",689,4,0.006279434850863423
2021-03-01,255,9,"Notice periods and resignation
Career precarity and exit",664,1,0.00392156862745098
2021-04-01,294,9,"Notice periods and resignation
Career precarity and exit",664,1,0.003401360544217687
2021-05-01,344,9,"Notice periods and resignation
Career precarity and exit",664,1,0.0029069767441860465
2021-06-01,372,9,"Notice periods and resignation
Career precarity and exit",664,3,0.008064516129032258
2021-07-01,350,9,"Notice periods and resignation
Career precarity and exit",664,3,0.008571428571428572
2021-08-01,422,9,"Notice periods and resignation
Career precarity and exit",664,0,0.0
2021-09-01,669,9,"Notice periods and resignation
Career precarity and exit",664,1,0.0014947683109118087
2021-10-01,2962,9,"Notice periods and resignation
Career precarity and exit",664,14,0.004726536124240378
2021-11-01,5872,9,"Notice periods and resignation
Career precarity and exit",664,24,0.004087193460490463
2021-12-01,6998,9,"Notice periods and resignation
Career precarity and exit",664,37,0.005287224921406116
2022-01-01,6485,9,"Notice periods and resignation
Career precarity and exit",664,36,0.005551272166538165
2022-02-01,3253,9,"Notice periods and resignation
Career precarity and exit",664,18,0.005533353827236397
2022-03-01,4033,9,"Notice periods and resignation
Career precarity and exit",664,31,0.007686585668237045
2022-04-01,3996,9,"Notice periods and resignation
Career precarity and exit",664,29,0.007257257257257258
2022-05-01,2851,9,"Notice periods and resignation
Career precarity and exit",664,22,0.007716590669940372
2022-06-01,2821,9,"Notice periods and resignation
Career precarity and exit",664,16,0.005671747607231478
2022-07-01,3669,9,"Notice periods and resignation
Career precarity and exit",664,27,0.007358953393295176
2022-08-01,3667,9,"Notice periods and resignation
Career precarity and exit",664,28,0.00763566948459231
2022-09-01,2547,9,"Notice periods and resignation
Career precarity and exit",664,20,0.007852375343541421
2022-10-01,2289,9,"Notice periods and resignation
Career precarity and exit",664,18,0.007863695937090432
2022-11-01,2049,9,"Notice periods and resignation
Career precarity and exit",664,13,0.00634455832113226
2022-12-01,2276,9,"Notice periods and resignation
Career precarity and exit",664,19,0.008347978910369069
2023-01-01,2242,9,"Notice periods and resignation
Career precarity and exit",664,21,0.00936663693131133
2023-02-01,1970,9,"Notice periods and resignation
Career precarity and exit",664,13,0.006598984771573604
2023-03-01,2059,9,"Notice periods and resignation
Career precarity and exit",664,18,0.008742107819329771
2023-04-01,1626,9,"Notice periods and resignation
Career precarity and exit",664,15,0.00922509225092251
2023-05-01,1931,9,"Notice periods and resignation
Career precarity and exit",664,22,0.011393060590367685
2023-06-01,1311,9,"Notice periods and resignation
Career precarity and exit",664,15,0.011441647597254004
2023-07-01,2747,9,"Notice periods and resignation
Career precarity and exit",664,24,0.008736803785948308
2023-08-01,3114,9,"Notice periods and resignation
Career precarity and exit",664,29,0.009312780989081566
2023-09-01,2070,9,"Notice periods and resignation
Career precarity and exit",664,15,0.007246376811594203
2023-10-01,1746,9,"Notice periods and resignation
Career precarity and exit",664,10,0.0057273768613974796
2023-11-01,1558,9,"Notice periods and resignation
Career precarity and exit",664,6,0.0038510911424903724
2023-12-01,1548,9,"Notice periods and resignation
Career precarity and exit",664,13,0.008397932816537468
2024-01-01,1526,9,"Notice periods and resignation
Career precarity and exit",664,16,0.010484927916120577
2024-02-01,1372,9,"Notice periods and resignation
Career precarity and exit",664,13,0.009475218658892129
2024-03-01,1313,9,"Notice periods and resignation
Career precarity and exit",664,3,0.002284843869002285
2024-04-01,1174,9,"Notice periods and resignation
Career precarity and exit",664,5,0.004258943781942078
2024-05-01,1247,9,"Notice periods and resignation
Career precarity and exit",664,6,0.0048115477145148355
2024-06-01,1192,9,"Notice periods and resignation
Career precarity and exit",664,7,0.00587248322147651
2024-07-01,1123,9,"Notice periods and resignation
Career precarity and exit",664,8,0.007123775601068566
2024-08-01,1059,9,"Notice periods and resignation
Career precarity and exit",664,11,0.010387157695939566
2024-09-01,909,9,"Notice periods and resignation
Career precarity and exit",664,4,0.0044004400440044
2024-10-01,936,9,"Notice periods and resignation
Career precarity and exit",664,6,0.00641025641025641
2024-11-01,841,9,"Notice periods and resignation
Career precarity and exit",664,8,0.009512485136741973
2024-12-01,722,9,"Notice periods and resignation
Career precarity and exit",664,3,0.004155124653739612
2025-01-01,807,9,"Notice periods and resignation
Career precarity and exit",664,8,0.009913258983890954
2025-02-01,637,9,"Notice periods and resignation
Career precarity and exit",664,3,0.004709576138147566
2021-03-01,255,10,"Scheduling and availability
Scheduling hours and time off",661,3,0.011764705882352941
2021-04-01,294,10,"Scheduling and availability
Scheduling hours and time off",661,1,0.003401360544217687
2021-05-01,344,10,"Scheduling and availability
Scheduling hours and time off",661,0,0.0
2021-06-01,372,10,"Scheduling and availability
Scheduling hours and time off",661,0,0.0
2021-07-01,350,10,"Scheduling and availability
Scheduling hours and time off",661,0,0.0
2021-08-01,422,10,"Scheduling and availability
Scheduling hours and time off",661,1,0.002369668246445498
2021-09-01,669,10,"Scheduling and availability
Scheduling hours and time off",661,3,0.004484304932735426
2021-10-01,2962,10,"Scheduling and availability
Scheduling hours and time off",661,12,0.004051316677920324
2021-11-01,5872,10,"Scheduling and availability
Scheduling hours and time off",661,25,0.0042574931880109
2021-12-01,6998,10,"Scheduling and availability
Scheduling hours and time off",661,33,0.00471563303801086
2022-01-01,6485,10,"Scheduling and availability
Scheduling hours and time off",661,29,0.004471858134155744
2022-02-01,3253,10,"Scheduling and availability
Scheduling hours and time off",661,17,0.00522594528127882
2022-03-01,4033,10,"Scheduling and availability
Scheduling hours and time off",661,21,0.005207041904289611
2022-04-01,3996,10,"Scheduling and availability
Scheduling hours and time off",661,30,0.0075075075075075074
2022-05-01,2851,10,"Scheduling and availability
Scheduling hours and time off",661,23,0.008067344791301298
2022-06-01,2821,10,"Scheduling and availability
Scheduling hours and time off",661,21,0.007444168734491315
2022-07-01,3669,10,"Scheduling and availability
Scheduling hours and time off",661,20,0.005451076587626056
2022-08-01,3667,10,"Scheduling and availability
Scheduling hours and time off",661,32,0.00872647941096264
2022-09-01,2547,10,"Scheduling and availability
Scheduling hours and time off",661,23,0.009030231645072634
2022-10-01,2289,10,"Scheduling and availability
Scheduling hours and time off",661,15,0.00655307994757536
2022-11-01,2049,10,"Scheduling and availability
Scheduling hours and time off",661,17,0.008296730112249878
2022-12-01,2276,10,"Scheduling and availability
Scheduling hours and time off",661,21,0.00922671353251318
2023-01-01,2242,10,"Scheduling and availability
Scheduling hours and time off",661,15,0.006690454950936664
2023-02-01,1970,10,"Scheduling and availability
Scheduling hours and time off",661,16,0.008121827411167513
2023-03-01,2059,10,"Scheduling and availability
Scheduling hours and time off",661,14,0.006799417192812044
2023-04-01,1626,10,"Scheduling and availability
Scheduling hours and time off",661,9,0.005535055350553505
2023-05-01,1931,10,"Scheduling and availability
Scheduling hours and time off",661,17,0.008803728638011392
2023-06-01,1311,10,"Scheduling and availability
Scheduling hours and time off",661,9,0.006864988558352402
2023-07-01,2747,10,"Scheduling and availability
Scheduling hours and time off",661,21,0.007644703312704768
2023-08-01,3114,10,"Scheduling and availability
Scheduling hours and time off",661,35,0.01123956326268465
2023-09-01,2070,10,"Scheduling and availability
Scheduling hours and time off",661,15,0.007246376811594203
2023-10-01,1746,10,"Scheduling and availability
Scheduling hours and time off",661,17,0.009736540664375716
2023-11-01,1558,10,"Scheduling and availability
Scheduling hours and time off",661,19,0.012195121951219513
2023-12-01,1548,10,"Scheduling and availability
Scheduling hours and time off",661,12,0.007751937984496124
2024-01-01,1526,10,"Scheduling and availability
Scheduling hours and time off",661,13,0.00851900393184797
2024-02-01,1372,10,"Scheduling and availability
Scheduling hours and time off",661,9,0.006559766763848397
2024-03-01,1313,10,"Scheduling and availability
Scheduling hours and time off",661,7,0.005331302361005331
2024-04-01,1174,10,"Scheduling and availability
Scheduling hours and time off",661,5,0.004258943781942078
2024-05-01,1247,10,"Scheduling and availability
Scheduling hours and time off",661,9,0.007217321571772253
2024-06-01,1192,10,"Scheduling and availability
Scheduling hours and time off",661,11,0.009228187919463088
2024-07-01,1123,10,"Scheduling and availability
Scheduling hours and time off",661,5,0.004452359750667854
2024-08-01,1059,10,"Scheduling and availability
Scheduling hours and time off",661,9,0.0084985835694051
2024-09-01,909,10,"Scheduling and availability
Scheduling hours and time off",661,12,0.013201320132013201
2024-10-01,936,10,"Scheduling and availability
Scheduling hours and time off",661,14,0.014957264957264958
2024-11-01,841,10,"Scheduling and availability
Scheduling hours and time off",661,10,0.011890606420927468
2024-12-01,722,10,"Scheduling and availability
Scheduling hours and time off",661,2,0.002770083102493075
2025-01-01,807,10,"Scheduling and availability
Scheduling hours and time off",661,8,0.009913258983890954
2025-02-01,637,10,"Scheduling and availability
Scheduling hours and time off",661,1,0.0015698587127158557
2021-03-01,255,11,"PTO and unpaid time off
Scheduling hours and time off",655,1,0.00392156862745098
2021-04-01,294,11,"PTO and unpaid time off
Scheduling hours and time off",655,0,0.0
2021-05-01,344,11,"PTO and unpaid time off
Scheduling hours and time off",655,2,0.005813953488372093
2021-06-01,372,11,"PTO and unpaid time off
Scheduling hours and time off",655,0,0.0
2021-07-01,350,11,"PTO and unpaid time off
Scheduling hours and time off",655,2,0.005714285714285714
2021-08-01,422,11,"PTO and unpaid time off
Scheduling hours and time off",655,0,0.0
2021-09-01,669,11,"PTO and unpaid time off
Scheduling hours and time off",655,5,0.007473841554559043
2021-10-01,2962,11,"PTO and unpaid time off
Scheduling hours and time off",655,9,0.003038487508440243
2021-11-01,5872,11,"PTO and unpaid time off
Scheduling hours and time off",655,27,0.004598092643051771
2021-12-01,6998,11,"PTO and unpaid time off
Scheduling hours and time off",655,36,0.005144326950557302
2022-01-01,6485,11,"PTO and unpaid time off
Scheduling hours and time off",655,26,0.0040092521202775636
2022-02-01,3253,11,"PTO and unpaid time off
Scheduling hours and time off",655,12,0.0036889025514909315
2022-03-01,4033,11,"PTO and unpaid time off
Scheduling hours and time off",655,23,0.005702950657079098
2022-04-01,3996,11,"PTO and unpaid time off
Scheduling hours and time off",655,21,0.005255255255255256
2022-05-01,2851,11,"PTO and unpaid time off
Scheduling hours and time off",655,21,0.0073658365485794455
2022-06-01,2821,11,"PTO and unpaid time off
Scheduling hours and time off",655,22,0.0077986529599432825
2022-07-01,3669,11,"PTO and unpaid time off
Scheduling hours and time off",655,17,0.0046334150994821474
2022-08-01,3667,11,"PTO and unpaid time off
Scheduling hours and time off",655,27,0.007362967002999727
2022-09-01,2547,11,"PTO and unpaid time off
Scheduling hours and time off",655,17,0.006674519042010208
2022-10-01,2289,11,"PTO and unpaid time off
Scheduling hours and time off",655,17,0.007426823940585408
2022-11-01,2049,11,"PTO and unpaid time off
Scheduling hours and time off",655,10,0.004880429477794046
2022-12-01,2276,11,"PTO and unpaid time off
Scheduling hours and time off",655,15,0.006590509666080844
2023-01-01,2242,11,"PTO and unpaid time off
Scheduling hours and time off",655,19,0.00847457627118644
2023-02-01,1970,11,"PTO and unpaid time off
Scheduling hours and time off",655,21,0.01065989847715736
2023-03-01,2059,11,"PTO and unpaid time off
Scheduling hours and time off",655,15,0.007285089849441476
2023-04-01,1626,11,"PTO and unpaid time off
Scheduling hours and time off",655,15,0.00922509225092251
2023-05-01,1931,11,"PTO and unpaid time off
Scheduling hours and time off",655,15,0.007767995857068877
2023-06-01,1311,11,"PTO and unpaid time off
Scheduling hours and time off",655,10,0.007627765064836003
2023-07-01,2747,11,"PTO and unpaid time off
Scheduling hours and time off",655,31,0.011285038223516564
2023-08-01,3114,11,"PTO and unpaid time off
Scheduling hours and time off",655,28,0.00899165061014772
2023-09-01,2070,11,"PTO and unpaid time off
Scheduling hours and time off",655,18,0.008695652173913044
2023-10-01,1746,11,"PTO and unpaid time off
Scheduling hours and time off",655,16,0.009163802978235968
2023-11-01,1558,11,"PTO and unpaid time off
Scheduling hours and time off",655,18,0.011553273427471117
2023-12-01,1548,11,"PTO and unpaid time off
Scheduling hours and time off",655,11,0.0071059431524547806
2024-01-01,1526,11,"PTO and unpaid time off
Scheduling hours and time off",655,17,0.011140235910878113
2024-02-01,1372,11,"PTO and unpaid time off
Scheduling hours and time off",655,6,0.004373177842565598
2024-03-01,1313,11,"PTO and unpaid time off
Scheduling hours and time off",655,11,0.008377760853008377
2024-04-01,1174,11,"PTO and unpaid time off
Scheduling hours and time off",655,7,0.00596252129471891
2024-05-01,1247,11,"PTO and unpaid time off
Scheduling hours and time off",655,18,0.014434643143544507
2024-06-01,1192,11,"PTO and unpaid time off
Scheduling hours and time off",655,10,0.008389261744966443
2024-07-01,1123,11,"PTO and unpaid time off
Scheduling hours and time off",655,7,0.006233303650934996
2024-08-01,1059,11,"PTO and unpaid time off
Scheduling hours and time off",655,13,0.012275731822474031
2024-09-01,909,11,"PTO and unpaid time off
Scheduling hours and time off",655,6,0.006600660066006601
2024-10-01,936,11,"PTO and unpaid time off
Scheduling hours and time off",655,5,0.005341880341880342
2024-11-01,841,11,"PTO and unpaid time off
Scheduling hours and time off",655,7,0.008323424494649227
2024-12-01,722,11,"PTO and unpaid time off
Scheduling hours and time off",655,7,0.009695290858725761
2025-01-01,807,11,"PTO and unpaid time off
Scheduling hours and time off",655,9,0.011152416356877323
2025-02-01,637,11,"PTO and unpaid time off
Scheduling hours and time off",655,5,0.007849293563579277
